"Poly_no","Coord_order","Longitude","Latitude","Hole","Group"
1,"1_1",-7.225,35.975,FALSE,"1.1"
1,"1_2",-7.25,35.975,FALSE,"1.1"
1,"1_3",-7.275,35.975,FALSE,"1.1"
1,"1_4",-7.3,35.975,FALSE,"1.1"
1,"1_5",-7.325,35.975,FALSE,"1.1"
1,"1_6",-7.325,36,FALSE,"1.1"
1,"1_7",-7.325,36.025,FALSE,"1.1"
1,"1_8",-7.325,36.05,FALSE,"1.1"
1,"1_9",-7.325,36.075,FALSE,"1.1"
1,"1_10",-7.3,36.075,FALSE,"1.1"
1,"1_11",-7.275,36.075,FALSE,"1.1"
1,"1_12",-7.25,36.075,FALSE,"1.1"
1,"1_13",-7.225,36.075,FALSE,"1.1"
1,"1_14",-7.225,36.05,FALSE,"1.1"
1,"1_15",-7.225,36.025,FALSE,"1.1"
1,"1_16",-7.225,36,FALSE,"1.1"
1,"1_17",-7.225,35.975,FALSE,"1.1"
2,"2_1",-7.025,36.525,FALSE,"2.1"
2,"2_2",-7.025,36.55,FALSE,"2.1"
2,"2_3",-7.025,36.575,FALSE,"2.1"
2,"2_4",-7.025,36.6,FALSE,"2.1"
2,"2_5",-7.025,36.625,FALSE,"2.1"
2,"2_6",-7,36.625,FALSE,"2.1"
2,"2_7",-6.975,36.625,FALSE,"2.1"
2,"2_8",-6.975,36.65,FALSE,"2.1"
2,"2_9",-6.975,36.675,FALSE,"2.1"
2,"2_10",-6.95,36.675,FALSE,"2.1"
2,"2_11",-6.925,36.675,FALSE,"2.1"
2,"2_12",-6.9,36.675,FALSE,"2.1"
2,"2_13",-6.875,36.675,FALSE,"2.1"
2,"2_14",-6.875,36.65,FALSE,"2.1"
2,"2_15",-6.875,36.625,FALSE,"2.1"
2,"2_16",-6.875,36.6,FALSE,"2.1"
2,"2_17",-6.875,36.575,FALSE,"2.1"
2,"2_18",-6.875,36.55,FALSE,"2.1"
2,"2_19",-6.875,36.525,FALSE,"2.1"
2,"2_20",-6.9,36.525,FALSE,"2.1"
2,"2_21",-6.925,36.525,FALSE,"2.1"
2,"2_22",-6.95,36.525,FALSE,"2.1"
2,"2_23",-6.975,36.525,FALSE,"2.1"
2,"2_24",-7,36.525,FALSE,"2.1"
2,"2_25",-7.025,36.525,FALSE,"2.1"
3,"3_1",-7.325,36.475,FALSE,"3.1"
3,"3_2",-7.325,36.5,FALSE,"3.1"
3,"3_3",-7.325,36.525,FALSE,"3.1"
3,"3_4",-7.325,36.55,FALSE,"3.1"
3,"3_5",-7.325,36.575,FALSE,"3.1"
3,"3_6",-7.3,36.575,FALSE,"3.1"
3,"3_7",-7.275,36.575,FALSE,"3.1"
3,"3_8",-7.25,36.575,FALSE,"3.1"
3,"3_9",-7.225,36.575,FALSE,"3.1"
3,"3_10",-7.225,36.55,FALSE,"3.1"
3,"3_11",-7.225,36.525,FALSE,"3.1"
3,"3_12",-7.225,36.5,FALSE,"3.1"
3,"3_13",-7.225,36.475,FALSE,"3.1"
3,"3_14",-7.25,36.475,FALSE,"3.1"
3,"3_15",-7.275,36.475,FALSE,"3.1"
3,"3_16",-7.3,36.475,FALSE,"3.1"
3,"3_17",-7.325,36.475,FALSE,"3.1"
4,"4_1",-8.725,36.675,FALSE,"4.1"
4,"4_2",-8.725,36.7,FALSE,"4.1"
4,"4_3",-8.725,36.725,FALSE,"4.1"
4,"4_4",-8.725,36.75,FALSE,"4.1"
4,"4_5",-8.725,36.775,FALSE,"4.1"
4,"4_6",-8.7,36.775,FALSE,"4.1"
4,"4_7",-8.675,36.775,FALSE,"4.1"
4,"4_8",-8.65,36.775,FALSE,"4.1"
4,"4_9",-8.625,36.775,FALSE,"4.1"
4,"4_10",-8.625,36.75,FALSE,"4.1"
4,"4_11",-8.625,36.725,FALSE,"4.1"
4,"4_12",-8.625,36.7,FALSE,"4.1"
4,"4_13",-8.625,36.675,FALSE,"4.1"
4,"4_14",-8.65,36.675,FALSE,"4.1"
4,"4_15",-8.675,36.675,FALSE,"4.1"
4,"4_16",-8.7,36.675,FALSE,"4.1"
4,"4_17",-8.725,36.675,FALSE,"4.1"
5,"5_1",-9.225,36.825,FALSE,"5.1"
5,"5_2",-9.25,36.825,FALSE,"5.1"
5,"5_3",-9.275,36.825,FALSE,"5.1"
5,"5_4",-9.3,36.825,FALSE,"5.1"
5,"5_5",-9.325,36.825,FALSE,"5.1"
5,"5_6",-9.325,36.85,FALSE,"5.1"
5,"5_7",-9.325,36.875,FALSE,"5.1"
5,"5_8",-9.325,36.9,FALSE,"5.1"
5,"5_9",-9.325,36.925,FALSE,"5.1"
5,"5_10",-9.325,36.95,FALSE,"5.1"
5,"5_11",-9.325,36.975,FALSE,"5.1"
5,"5_12",-9.3,36.975,FALSE,"5.1"
5,"5_13",-9.275,36.975,FALSE,"5.1"
5,"5_14",-9.25,36.975,FALSE,"5.1"
5,"5_15",-9.225,36.975,FALSE,"5.1"
5,"5_16",-9.225,36.95,FALSE,"5.1"
5,"5_17",-9.225,36.925,FALSE,"5.1"
5,"5_18",-9.225,36.9,FALSE,"5.1"
5,"5_19",-9.225,36.875,FALSE,"5.1"
5,"5_20",-9.225,36.85,FALSE,"5.1"
5,"5_21",-9.225,36.825,FALSE,"5.1"
6,"6_1",-11.575,36.475,FALSE,"6.1"
6,"6_2",-11.6,36.475,FALSE,"6.1"
6,"6_3",-11.625,36.475,FALSE,"6.1"
6,"6_4",-11.65,36.475,FALSE,"6.1"
6,"6_5",-11.675,36.475,FALSE,"6.1"
6,"6_6",-11.675,36.5,FALSE,"6.1"
6,"6_7",-11.675,36.525,FALSE,"6.1"
6,"6_8",-11.675,36.55,FALSE,"6.1"
6,"6_9",-11.675,36.575,FALSE,"6.1"
6,"6_10",-11.675,36.6,FALSE,"6.1"
6,"6_11",-11.675,36.625,FALSE,"6.1"
6,"6_12",-11.65,36.625,FALSE,"6.1"
6,"6_13",-11.625,36.625,FALSE,"6.1"
6,"6_14",-11.6,36.625,FALSE,"6.1"
6,"6_15",-11.575,36.625,FALSE,"6.1"
6,"6_16",-11.575,36.6,FALSE,"6.1"
6,"6_17",-11.575,36.575,FALSE,"6.1"
6,"6_18",-11.575,36.55,FALSE,"6.1"
6,"6_19",-11.575,36.525,FALSE,"6.1"
6,"6_20",-11.575,36.5,FALSE,"6.1"
6,"6_21",-11.575,36.475,FALSE,"6.1"
7,"7_1",-10.725,36.925,FALSE,"7.1"
7,"7_2",-10.75,36.925,FALSE,"7.1"
7,"7_3",-10.775,36.925,FALSE,"7.1"
7,"7_4",-10.8,36.925,FALSE,"7.1"
7,"7_5",-10.825,36.925,FALSE,"7.1"
7,"7_6",-10.825,36.9,FALSE,"7.1"
7,"7_7",-10.825,36.875,FALSE,"7.1"
7,"7_8",-10.825,36.85,FALSE,"7.1"
7,"7_9",-10.825,36.825,FALSE,"7.1"
7,"7_10",-10.85,36.825,FALSE,"7.1"
7,"7_11",-10.875,36.825,FALSE,"7.1"
7,"7_12",-10.9,36.825,FALSE,"7.1"
7,"7_13",-10.925,36.825,FALSE,"7.1"
7,"7_14",-10.925,36.8,FALSE,"7.1"
7,"7_15",-10.925,36.775,FALSE,"7.1"
7,"7_16",-10.925,36.75,FALSE,"7.1"
7,"7_17",-10.925,36.725,FALSE,"7.1"
7,"7_18",-10.95,36.725,FALSE,"7.1"
7,"7_19",-10.975,36.725,FALSE,"7.1"
7,"7_20",-11,36.725,FALSE,"7.1"
7,"7_21",-11.025,36.725,FALSE,"7.1"
7,"7_22",-11.025,36.75,FALSE,"7.1"
7,"7_23",-11.025,36.775,FALSE,"7.1"
7,"7_24",-11.025,36.8,FALSE,"7.1"
7,"7_25",-11.025,36.825,FALSE,"7.1"
7,"7_26",-11,36.825,FALSE,"7.1"
7,"7_27",-10.975,36.825,FALSE,"7.1"
7,"7_28",-10.95,36.825,FALSE,"7.1"
7,"7_29",-10.925,36.825,FALSE,"7.1"
7,"7_30",-10.925,36.85,FALSE,"7.1"
7,"7_31",-10.925,36.875,FALSE,"7.1"
7,"7_32",-10.925,36.9,FALSE,"7.1"
7,"7_33",-10.925,36.925,FALSE,"7.1"
7,"7_34",-10.9,36.925,FALSE,"7.1"
7,"7_35",-10.875,36.925,FALSE,"7.1"
7,"7_36",-10.85,36.925,FALSE,"7.1"
7,"7_37",-10.825,36.925,FALSE,"7.1"
7,"7_38",-10.825,36.95,FALSE,"7.1"
7,"7_39",-10.825,36.975,FALSE,"7.1"
7,"7_40",-10.825,37,FALSE,"7.1"
7,"7_41",-10.825,37.025,FALSE,"7.1"
7,"7_42",-10.8,37.025,FALSE,"7.1"
7,"7_43",-10.775,37.025,FALSE,"7.1"
7,"7_44",-10.75,37.025,FALSE,"7.1"
7,"7_45",-10.725,37.025,FALSE,"7.1"
7,"7_46",-10.725,37,FALSE,"7.1"
7,"7_47",-10.725,36.975,FALSE,"7.1"
7,"7_48",-10.725,36.95,FALSE,"7.1"
7,"7_49",-10.725,36.925,FALSE,"7.1"
8,"8_1",-11.075,36.725,FALSE,"8.1"
8,"8_2",-11.1,36.725,FALSE,"8.1"
8,"8_3",-11.125,36.725,FALSE,"8.1"
8,"8_4",-11.15,36.725,FALSE,"8.1"
8,"8_5",-11.175,36.725,FALSE,"8.1"
8,"8_6",-11.175,36.75,FALSE,"8.1"
8,"8_7",-11.175,36.775,FALSE,"8.1"
8,"8_8",-11.175,36.8,FALSE,"8.1"
8,"8_9",-11.175,36.825,FALSE,"8.1"
8,"8_10",-11.175,36.85,FALSE,"8.1"
8,"8_11",-11.175,36.875,FALSE,"8.1"
8,"8_12",-11.15,36.875,FALSE,"8.1"
8,"8_13",-11.125,36.875,FALSE,"8.1"
8,"8_14",-11.1,36.875,FALSE,"8.1"
8,"8_15",-11.075,36.875,FALSE,"8.1"
8,"8_16",-11.075,36.85,FALSE,"8.1"
8,"8_17",-11.075,36.825,FALSE,"8.1"
8,"8_18",-11.075,36.8,FALSE,"8.1"
8,"8_19",-11.075,36.775,FALSE,"8.1"
8,"8_20",-11.075,36.75,FALSE,"8.1"
8,"8_21",-11.075,36.725,FALSE,"8.1"
9,"9_1",-9.225,37.825,FALSE,"9.1"
9,"9_2",-9.25,37.825,FALSE,"9.1"
9,"9_3",-9.275,37.825,FALSE,"9.1"
9,"9_4",-9.3,37.825,FALSE,"9.1"
9,"9_5",-9.325,37.825,FALSE,"9.1"
9,"9_6",-9.325,37.85,FALSE,"9.1"
9,"9_7",-9.325,37.875,FALSE,"9.1"
9,"9_8",-9.325,37.9,FALSE,"9.1"
9,"9_9",-9.325,37.925,FALSE,"9.1"
9,"9_10",-9.3,37.925,FALSE,"9.1"
9,"9_11",-9.275,37.925,FALSE,"9.1"
9,"9_12",-9.25,37.925,FALSE,"9.1"
9,"9_13",-9.225,37.925,FALSE,"9.1"
9,"9_14",-9.225,37.9,FALSE,"9.1"
9,"9_15",-9.225,37.875,FALSE,"9.1"
9,"9_16",-9.225,37.85,FALSE,"9.1"
9,"9_17",-9.225,37.825,FALSE,"9.1"
10,"10_1",-9.375,40.525,FALSE,"10.1"
10,"10_2",-9.4,40.525,FALSE,"10.1"
10,"10_3",-9.425,40.525,FALSE,"10.1"
10,"10_4",-9.45,40.525,FALSE,"10.1"
10,"10_5",-9.475,40.525,FALSE,"10.1"
10,"10_6",-9.475,40.55,FALSE,"10.1"
10,"10_7",-9.475,40.575,FALSE,"10.1"
10,"10_8",-9.475,40.6,FALSE,"10.1"
10,"10_9",-9.475,40.625,FALSE,"10.1"
10,"10_10",-9.45,40.625,FALSE,"10.1"
10,"10_11",-9.425,40.625,FALSE,"10.1"
10,"10_12",-9.4,40.625,FALSE,"10.1"
10,"10_13",-9.375,40.625,FALSE,"10.1"
10,"10_14",-9.375,40.6,FALSE,"10.1"
10,"10_15",-9.375,40.575,FALSE,"10.1"
10,"10_16",-9.375,40.55,FALSE,"10.1"
10,"10_17",-9.375,40.525,FALSE,"10.1"
11,"11_1",-9.35,41.475,FALSE,"11.1"
11,"11_2",-9.375,41.475,FALSE,"11.1"
11,"11_3",-9.4,41.475,FALSE,"11.1"
11,"11_4",-9.425,41.475,FALSE,"11.1"
11,"11_5",-9.425,41.5,FALSE,"11.1"
11,"11_6",-9.425,41.525,FALSE,"11.1"
11,"11_7",-9.425,41.55,FALSE,"11.1"
11,"11_8",-9.425,41.575,FALSE,"11.1"
11,"11_9",-9.4,41.575,FALSE,"11.1"
11,"11_10",-9.375,41.575,FALSE,"11.1"
11,"11_11",-9.35,41.575,FALSE,"11.1"
11,"11_12",-9.325,41.575,FALSE,"11.1"
11,"11_13",-9.3,41.575,FALSE,"11.1"
11,"11_14",-9.275,41.575,FALSE,"11.1"
11,"11_15",-9.275,41.55,FALSE,"11.1"
11,"11_16",-9.275,41.525,FALSE,"11.1"
11,"11_17",-9.275,41.5,FALSE,"11.1"
11,"11_18",-9.275,41.475,FALSE,"11.1"
11,"11_19",-9.3,41.475,FALSE,"11.1"
11,"11_20",-9.325,41.475,FALSE,"11.1"
11,"11_21",-9.35,41.475,FALSE,"11.1"
12,"12_1",-2.075,43.725,FALSE,"12.1"
12,"12_2",-2.1,43.725,FALSE,"12.1"
12,"12_3",-2.125,43.725,FALSE,"12.1"
12,"12_4",-2.15,43.725,FALSE,"12.1"
12,"12_5",-2.175,43.725,FALSE,"12.1"
12,"12_6",-2.175,43.75,FALSE,"12.1"
12,"12_7",-2.175,43.775,FALSE,"12.1"
12,"12_8",-2.175,43.8,FALSE,"12.1"
12,"12_9",-2.175,43.825,FALSE,"12.1"
12,"12_10",-2.15,43.825,FALSE,"12.1"
12,"12_11",-2.125,43.825,FALSE,"12.1"
12,"12_12",-2.1,43.825,FALSE,"12.1"
12,"12_13",-2.075,43.825,FALSE,"12.1"
12,"12_14",-2.075,43.8,FALSE,"12.1"
12,"12_15",-2.075,43.775,FALSE,"12.1"
12,"12_16",-2.075,43.75,FALSE,"12.1"
12,"12_17",-2.075,43.725,FALSE,"12.1"
13,"13_1",-3.775,43.625,FALSE,"13.1"
13,"13_2",-3.8,43.625,FALSE,"13.1"
13,"13_3",-3.825,43.625,FALSE,"13.1"
13,"13_4",-3.85,43.625,FALSE,"13.1"
13,"13_5",-3.875,43.625,FALSE,"13.1"
13,"13_6",-3.875,43.65,FALSE,"13.1"
13,"13_7",-3.875,43.675,FALSE,"13.1"
13,"13_8",-3.875,43.7,FALSE,"13.1"
13,"13_9",-3.875,43.725,FALSE,"13.1"
13,"13_10",-3.85,43.725,FALSE,"13.1"
13,"13_11",-3.825,43.725,FALSE,"13.1"
13,"13_12",-3.8,43.725,FALSE,"13.1"
13,"13_13",-3.775,43.725,FALSE,"13.1"
13,"13_14",-3.775,43.7,FALSE,"13.1"
13,"13_15",-3.775,43.675,FALSE,"13.1"
13,"13_16",-3.775,43.65,FALSE,"13.1"
13,"13_17",-3.775,43.625,FALSE,"13.1"
14,"14_1",-9.575,42.975,FALSE,"14.1"
14,"14_2",-9.6,42.975,FALSE,"14.1"
14,"14_3",-9.625,42.975,FALSE,"14.1"
14,"14_4",-9.65,42.975,FALSE,"14.1"
14,"14_5",-9.675,42.975,FALSE,"14.1"
14,"14_6",-9.675,43,FALSE,"14.1"
14,"14_7",-9.675,43.025,FALSE,"14.1"
14,"14_8",-9.675,43.05,FALSE,"14.1"
14,"14_9",-9.675,43.075,FALSE,"14.1"
14,"14_10",-9.65,43.075,FALSE,"14.1"
14,"14_11",-9.625,43.075,FALSE,"14.1"
14,"14_12",-9.6,43.075,FALSE,"14.1"
14,"14_13",-9.575,43.075,FALSE,"14.1"
14,"14_14",-9.575,43.05,FALSE,"14.1"
14,"14_15",-9.575,43.025,FALSE,"14.1"
14,"14_16",-9.575,43,FALSE,"14.1"
14,"14_17",-9.575,42.975,FALSE,"14.1"
15,"15_1",-2.175,44.275,FALSE,"15.1"
15,"15_2",-2.2,44.275,FALSE,"15.1"
15,"15_3",-2.225,44.275,FALSE,"15.1"
15,"15_4",-2.25,44.275,FALSE,"15.1"
15,"15_5",-2.275,44.275,FALSE,"15.1"
15,"15_6",-2.275,44.3,FALSE,"15.1"
15,"15_7",-2.275,44.325,FALSE,"15.1"
15,"15_8",-2.275,44.35,FALSE,"15.1"
15,"15_9",-2.275,44.375,FALSE,"15.1"
15,"15_10",-2.25,44.375,FALSE,"15.1"
15,"15_11",-2.225,44.375,FALSE,"15.1"
15,"15_12",-2.2,44.375,FALSE,"15.1"
15,"15_13",-2.175,44.375,FALSE,"15.1"
15,"15_14",-2.175,44.35,FALSE,"15.1"
15,"15_15",-2.175,44.325,FALSE,"15.1"
15,"15_16",-2.175,44.3,FALSE,"15.1"
15,"15_17",-2.175,44.275,FALSE,"15.1"
16,"16_1",-5.525,43.925,FALSE,"16.1"
16,"16_2",-5.55,43.925,FALSE,"16.1"
16,"16_3",-5.575,43.925,FALSE,"16.1"
16,"16_4",-5.6,43.925,FALSE,"16.1"
16,"16_5",-5.625,43.925,FALSE,"16.1"
16,"16_6",-5.625,43.95,FALSE,"16.1"
16,"16_7",-5.625,43.975,FALSE,"16.1"
16,"16_8",-5.625,44,FALSE,"16.1"
16,"16_9",-5.625,44.025,FALSE,"16.1"
16,"16_10",-5.6,44.025,FALSE,"16.1"
16,"16_11",-5.575,44.025,FALSE,"16.1"
16,"16_12",-5.55,44.025,FALSE,"16.1"
16,"16_13",-5.525,44.025,FALSE,"16.1"
16,"16_14",-5.525,44,FALSE,"16.1"
16,"16_15",-5.525,43.975,FALSE,"16.1"
16,"16_16",-5.525,43.95,FALSE,"16.1"
16,"16_17",-5.525,43.925,FALSE,"16.1"
17,"17_1",-4.825,44.075,FALSE,"17.1"
17,"17_2",-4.85,44.075,FALSE,"17.1"
17,"17_3",-4.875,44.075,FALSE,"17.1"
17,"17_4",-4.9,44.075,FALSE,"17.1"
17,"17_5",-4.925,44.075,FALSE,"17.1"
17,"17_6",-4.925,44.1,FALSE,"17.1"
17,"17_7",-4.925,44.125,FALSE,"17.1"
17,"17_8",-4.925,44.15,FALSE,"17.1"
17,"17_9",-4.925,44.175,FALSE,"17.1"
17,"17_10",-4.9,44.175,FALSE,"17.1"
17,"17_11",-4.875,44.175,FALSE,"17.1"
17,"17_12",-4.85,44.175,FALSE,"17.1"
17,"17_13",-4.825,44.175,FALSE,"17.1"
17,"17_14",-4.825,44.15,FALSE,"17.1"
17,"17_15",-4.825,44.125,FALSE,"17.1"
17,"17_16",-4.825,44.1,FALSE,"17.1"
17,"17_17",-4.825,44.075,FALSE,"17.1"
18,"18_1",-9.275,43.475,FALSE,"18.1"
18,"18_2",-9.3,43.475,FALSE,"18.1"
18,"18_3",-9.325,43.475,FALSE,"18.1"
18,"18_4",-9.35,43.475,FALSE,"18.1"
18,"18_5",-9.375,43.475,FALSE,"18.1"
18,"18_6",-9.375,43.5,FALSE,"18.1"
18,"18_7",-9.375,43.525,FALSE,"18.1"
18,"18_8",-9.375,43.55,FALSE,"18.1"
18,"18_9",-9.375,43.575,FALSE,"18.1"
18,"18_10",-9.35,43.575,FALSE,"18.1"
18,"18_11",-9.325,43.575,FALSE,"18.1"
18,"18_12",-9.3,43.575,FALSE,"18.1"
18,"18_13",-9.275,43.575,FALSE,"18.1"
18,"18_14",-9.275,43.55,FALSE,"18.1"
18,"18_15",-9.275,43.525,FALSE,"18.1"
18,"18_16",-9.275,43.5,FALSE,"18.1"
18,"18_17",-9.275,43.475,FALSE,"18.1"
19,"19_1",-7.075,43.975,FALSE,"19.1"
19,"19_2",-7.1,43.975,FALSE,"19.1"
19,"19_3",-7.125,43.975,FALSE,"19.1"
19,"19_4",-7.15,43.975,FALSE,"19.1"
19,"19_5",-7.175,43.975,FALSE,"19.1"
19,"19_6",-7.175,44,FALSE,"19.1"
19,"19_7",-7.175,44.025,FALSE,"19.1"
19,"19_8",-7.2,44.025,FALSE,"19.1"
19,"19_9",-7.225,44.025,FALSE,"19.1"
19,"19_10",-7.225,44.05,FALSE,"19.1"
19,"19_11",-7.225,44.075,FALSE,"19.1"
19,"19_12",-7.225,44.1,FALSE,"19.1"
19,"19_13",-7.225,44.125,FALSE,"19.1"
19,"19_14",-7.2,44.125,FALSE,"19.1"
19,"19_15",-7.175,44.125,FALSE,"19.1"
19,"19_16",-7.15,44.125,FALSE,"19.1"
19,"19_17",-7.125,44.125,FALSE,"19.1"
19,"19_18",-7.1,44.125,FALSE,"19.1"
19,"19_19",-7.075,44.125,FALSE,"19.1"
19,"19_20",-7.075,44.1,FALSE,"19.1"
19,"19_21",-7.075,44.075,FALSE,"19.1"
19,"19_22",-7.075,44.05,FALSE,"19.1"
19,"19_23",-7.075,44.025,FALSE,"19.1"
19,"19_24",-7.075,44,FALSE,"19.1"
19,"19_25",-7.075,43.975,FALSE,"19.1"
20,"20_1",-2.175,44.725,FALSE,"20.1"
20,"20_2",-2.2,44.725,FALSE,"20.1"
20,"20_3",-2.225,44.725,FALSE,"20.1"
20,"20_4",-2.25,44.725,FALSE,"20.1"
20,"20_5",-2.275,44.725,FALSE,"20.1"
20,"20_6",-2.275,44.75,FALSE,"20.1"
20,"20_7",-2.275,44.775,FALSE,"20.1"
20,"20_8",-2.275,44.8,FALSE,"20.1"
20,"20_9",-2.275,44.825,FALSE,"20.1"
20,"20_10",-2.25,44.825,FALSE,"20.1"
20,"20_11",-2.225,44.825,FALSE,"20.1"
20,"20_12",-2.2,44.825,FALSE,"20.1"
20,"20_13",-2.175,44.825,FALSE,"20.1"
20,"20_14",-2.175,44.8,FALSE,"20.1"
20,"20_15",-2.175,44.775,FALSE,"20.1"
20,"20_16",-2.175,44.75,FALSE,"20.1"
20,"20_17",-2.175,44.725,FALSE,"20.1"
21,"21_1",-7.875,44.075,FALSE,"21.1"
21,"21_2",-7.9,44.075,FALSE,"21.1"
21,"21_3",-7.925,44.075,FALSE,"21.1"
21,"21_4",-7.95,44.075,FALSE,"21.1"
21,"21_5",-7.975,44.075,FALSE,"21.1"
21,"21_6",-7.975,44.1,FALSE,"21.1"
21,"21_7",-7.975,44.125,FALSE,"21.1"
21,"21_8",-7.975,44.15,FALSE,"21.1"
21,"21_9",-7.975,44.175,FALSE,"21.1"
21,"21_10",-7.95,44.175,FALSE,"21.1"
21,"21_11",-7.925,44.175,FALSE,"21.1"
21,"21_12",-7.9,44.175,FALSE,"21.1"
21,"21_13",-7.875,44.175,FALSE,"21.1"
21,"21_14",-7.875,44.15,FALSE,"21.1"
21,"21_15",-7.875,44.125,FALSE,"21.1"
21,"21_16",-7.875,44.1,FALSE,"21.1"
21,"21_17",-7.875,44.075,FALSE,"21.1"
22,"22_1",-7.775,44.125,FALSE,"22.1"
22,"22_2",-7.8,44.125,FALSE,"22.1"
22,"22_3",-7.825,44.125,FALSE,"22.1"
22,"22_4",-7.825,44.15,FALSE,"22.1"
22,"22_5",-7.825,44.175,FALSE,"22.1"
22,"22_6",-7.825,44.2,FALSE,"22.1"
22,"22_7",-7.825,44.225,FALSE,"22.1"
22,"22_8",-7.8,44.225,FALSE,"22.1"
22,"22_9",-7.775,44.225,FALSE,"22.1"
22,"22_10",-7.75,44.225,FALSE,"22.1"
22,"22_11",-7.725,44.225,FALSE,"22.1"
22,"22_12",-7.725,44.2,FALSE,"22.1"
22,"22_13",-7.725,44.175,FALSE,"22.1"
22,"22_14",-7.725,44.15,FALSE,"22.1"
22,"22_15",-7.725,44.125,FALSE,"22.1"
22,"22_16",-7.75,44.125,FALSE,"22.1"
22,"22_17",-7.775,44.125,FALSE,"22.1"
23,"23_1",-2.825,45,FALSE,"23.1"
23,"23_2",-2.825,44.975,FALSE,"23.1"
23,"23_3",-2.85,44.975,FALSE,"23.1"
23,"23_4",-2.875,44.975,FALSE,"23.1"
23,"23_5",-2.9,44.975,FALSE,"23.1"
23,"23_6",-2.925,44.975,FALSE,"23.1"
23,"23_7",-2.925,45,FALSE,"23.1"
23,"23_8",-2.925,45.025,FALSE,"23.1"
23,"23_9",-2.925,45.05,FALSE,"23.1"
23,"23_10",-2.925,45.075,FALSE,"23.1"
23,"23_11",-2.925,45.1,FALSE,"23.1"
23,"23_12",-2.925,45.125,FALSE,"23.1"
23,"23_13",-2.9,45.125,FALSE,"23.1"
23,"23_14",-2.875,45.125,FALSE,"23.1"
23,"23_15",-2.85,45.125,FALSE,"23.1"
23,"23_16",-2.825,45.125,FALSE,"23.1"
23,"23_17",-2.825,45.1,FALSE,"23.1"
23,"23_18",-2.825,45.075,FALSE,"23.1"
23,"23_19",-2.825,45.05,FALSE,"23.1"
23,"23_20",-2.825,45.025,FALSE,"23.1"
23,"23_21",-2.825,45,FALSE,"23.1"
24,"24_1",-8.625,44.125,FALSE,"24.1"
24,"24_2",-8.65,44.125,FALSE,"24.1"
24,"24_3",-8.675,44.125,FALSE,"24.1"
24,"24_4",-8.7,44.125,FALSE,"24.1"
24,"24_5",-8.725,44.125,FALSE,"24.1"
24,"24_6",-8.725,44.15,FALSE,"24.1"
24,"24_7",-8.725,44.175,FALSE,"24.1"
24,"24_8",-8.75,44.175,FALSE,"24.1"
24,"24_9",-8.775,44.175,FALSE,"24.1"
24,"24_10",-8.775,44.2,FALSE,"24.1"
24,"24_11",-8.775,44.225,FALSE,"24.1"
24,"24_12",-8.775,44.25,FALSE,"24.1"
24,"24_13",-8.775,44.275,FALSE,"24.1"
24,"24_14",-8.75,44.275,FALSE,"24.1"
24,"24_15",-8.725,44.275,FALSE,"24.1"
24,"24_16",-8.7,44.275,FALSE,"24.1"
24,"24_17",-8.675,44.275,FALSE,"24.1"
24,"24_18",-8.675,44.25,FALSE,"24.1"
24,"24_19",-8.675,44.225,FALSE,"24.1"
24,"24_20",-8.65,44.225,FALSE,"24.1"
24,"24_21",-8.625,44.225,FALSE,"24.1"
24,"24_22",-8.625,44.2,FALSE,"24.1"
24,"24_23",-8.625,44.175,FALSE,"24.1"
24,"24_24",-8.625,44.15,FALSE,"24.1"
24,"24_25",-8.625,44.125,FALSE,"24.1"
25,"25_1",-3.65,45.625,FALSE,"25.1"
25,"25_2",-3.675,45.625,FALSE,"25.1"
25,"25_3",-3.675,45.65,FALSE,"25.1"
25,"25_4",-3.675,45.675,FALSE,"25.1"
25,"25_5",-3.675,45.7,FALSE,"25.1"
25,"25_6",-3.675,45.725,FALSE,"25.1"
25,"25_7",-3.65,45.725,FALSE,"25.1"
25,"25_8",-3.625,45.725,FALSE,"25.1"
25,"25_9",-3.6,45.725,FALSE,"25.1"
25,"25_10",-3.575,45.725,FALSE,"25.1"
25,"25_11",-3.575,45.7,FALSE,"25.1"
25,"25_12",-3.575,45.675,FALSE,"25.1"
25,"25_13",-3.575,45.65,FALSE,"25.1"
25,"25_14",-3.575,45.625,FALSE,"25.1"
25,"25_15",-3.6,45.625,FALSE,"25.1"
25,"25_16",-3.625,45.625,FALSE,"25.1"
25,"25_17",-3.65,45.625,FALSE,"25.1"
26,"26_1",-3.825,45.725,FALSE,"26.1"
26,"26_2",-3.825,45.75,FALSE,"26.1"
26,"26_3",-3.825,45.775,FALSE,"26.1"
26,"26_4",-3.825,45.8,FALSE,"26.1"
26,"26_5",-3.825,45.825,FALSE,"26.1"
26,"26_6",-3.8,45.825,FALSE,"26.1"
26,"26_7",-3.775,45.825,FALSE,"26.1"
26,"26_8",-3.75,45.825,FALSE,"26.1"
26,"26_9",-3.725,45.825,FALSE,"26.1"
26,"26_10",-3.725,45.8,FALSE,"26.1"
26,"26_11",-3.725,45.775,FALSE,"26.1"
26,"26_12",-3.725,45.75,FALSE,"26.1"
26,"26_13",-3.725,45.725,FALSE,"26.1"
26,"26_14",-3.75,45.725,FALSE,"26.1"
26,"26_15",-3.775,45.725,FALSE,"26.1"
26,"26_16",-3.8,45.725,FALSE,"26.1"
26,"26_17",-3.825,45.725,FALSE,"26.1"
27,"27_1",-4.225,45.925,FALSE,"27.1"
27,"27_2",-4.225,45.95,FALSE,"27.1"
27,"27_3",-4.225,45.975,FALSE,"27.1"
27,"27_4",-4.225,46,FALSE,"27.1"
27,"27_5",-4.225,46.025,FALSE,"27.1"
27,"27_6",-4.2,46.025,FALSE,"27.1"
27,"27_7",-4.175,46.025,FALSE,"27.1"
27,"27_8",-4.15,46.025,FALSE,"27.1"
27,"27_9",-4.125,46.025,FALSE,"27.1"
27,"27_10",-4.1,46.025,FALSE,"27.1"
27,"27_11",-4.075,46.025,FALSE,"27.1"
27,"27_12",-4.075,46,FALSE,"27.1"
27,"27_13",-4.075,45.975,FALSE,"27.1"
27,"27_14",-4.075,45.95,FALSE,"27.1"
27,"27_15",-4.075,45.925,FALSE,"27.1"
27,"27_16",-4.1,45.925,FALSE,"27.1"
27,"27_17",-4.125,45.925,FALSE,"27.1"
27,"27_18",-4.15,45.925,FALSE,"27.1"
27,"27_19",-4.175,45.925,FALSE,"27.1"
27,"27_20",-4.2,45.925,FALSE,"27.1"
27,"27_21",-4.225,45.925,FALSE,"27.1"
28,"28_1",-4.425,46.225,FALSE,"28.1"
28,"28_2",-4.45,46.225,FALSE,"28.1"
28,"28_3",-4.475,46.225,FALSE,"28.1"
28,"28_4",-4.475,46.25,FALSE,"28.1"
28,"28_5",-4.475,46.275,FALSE,"28.1"
28,"28_6",-4.475,46.3,FALSE,"28.1"
28,"28_7",-4.475,46.325,FALSE,"28.1"
28,"28_8",-4.45,46.325,FALSE,"28.1"
28,"28_9",-4.425,46.325,FALSE,"28.1"
28,"28_10",-4.4,46.325,FALSE,"28.1"
28,"28_11",-4.375,46.325,FALSE,"28.1"
28,"28_12",-4.375,46.3,FALSE,"28.1"
28,"28_13",-4.375,46.275,FALSE,"28.1"
28,"28_14",-4.375,46.25,FALSE,"28.1"
28,"28_15",-4.375,46.225,FALSE,"28.1"
28,"28_16",-4.4,46.225,FALSE,"28.1"
28,"28_17",-4.425,46.225,FALSE,"28.1"
29,"29_1",-4.625,46.325,FALSE,"29.1"
29,"29_2",-4.65,46.325,FALSE,"29.1"
29,"29_3",-4.675,46.325,FALSE,"29.1"
29,"29_4",-4.7,46.325,FALSE,"29.1"
29,"29_5",-4.725,46.325,FALSE,"29.1"
29,"29_6",-4.725,46.35,FALSE,"29.1"
29,"29_7",-4.725,46.375,FALSE,"29.1"
29,"29_8",-4.725,46.4,FALSE,"29.1"
29,"29_9",-4.725,46.425,FALSE,"29.1"
29,"29_10",-4.7,46.425,FALSE,"29.1"
29,"29_11",-4.675,46.425,FALSE,"29.1"
29,"29_12",-4.65,46.425,FALSE,"29.1"
29,"29_13",-4.625,46.425,FALSE,"29.1"
29,"29_14",-4.625,46.4,FALSE,"29.1"
29,"29_15",-4.625,46.375,FALSE,"29.1"
29,"29_16",-4.625,46.35,FALSE,"29.1"
29,"29_17",-4.625,46.325,FALSE,"29.1"
30,"30_1",-5.325,46.875,FALSE,"30.1"
30,"30_2",-5.3,46.875,FALSE,"30.1"
30,"30_3",-5.275,46.875,FALSE,"30.1"
30,"30_4",-5.25,46.875,FALSE,"30.1"
30,"30_5",-5.225,46.875,FALSE,"30.1"
30,"30_6",-5.225,46.85,FALSE,"30.1"
30,"30_7",-5.225,46.825,FALSE,"30.1"
30,"30_8",-5.2,46.825,FALSE,"30.1"
30,"30_9",-5.175,46.825,FALSE,"30.1"
30,"30_10",-5.175,46.8,FALSE,"30.1"
30,"30_11",-5.175,46.775,FALSE,"30.1"
30,"30_12",-5.175,46.75,FALSE,"30.1"
30,"30_13",-5.175,46.725,FALSE,"30.1"
30,"30_14",-5.2,46.725,FALSE,"30.1"
30,"30_15",-5.225,46.725,FALSE,"30.1"
30,"30_16",-5.25,46.725,FALSE,"30.1"
30,"30_17",-5.275,46.725,FALSE,"30.1"
30,"30_18",-5.275,46.75,FALSE,"30.1"
30,"30_19",-5.275,46.775,FALSE,"30.1"
30,"30_20",-5.3,46.775,FALSE,"30.1"
30,"30_21",-5.325,46.775,FALSE,"30.1"
30,"30_22",-5.325,46.8,FALSE,"30.1"
30,"30_23",-5.325,46.825,FALSE,"30.1"
30,"30_24",-5.325,46.85,FALSE,"30.1"
30,"30_25",-5.325,46.875,FALSE,"30.1"
30,"30_26",-5.35,46.875,FALSE,"30.1"
30,"30_27",-5.375,46.875,FALSE,"30.1"
30,"30_28",-5.4,46.875,FALSE,"30.1"
30,"30_29",-5.425,46.875,FALSE,"30.1"
30,"30_30",-5.425,46.9,FALSE,"30.1"
30,"30_31",-5.425,46.925,FALSE,"30.1"
30,"30_32",-5.425,46.95,FALSE,"30.1"
30,"30_33",-5.425,46.975,FALSE,"30.1"
30,"30_34",-5.4,46.975,FALSE,"30.1"
30,"30_35",-5.375,46.975,FALSE,"30.1"
30,"30_36",-5.35,46.975,FALSE,"30.1"
30,"30_37",-5.325,46.975,FALSE,"30.1"
30,"30_38",-5.325,46.95,FALSE,"30.1"
30,"30_39",-5.325,46.925,FALSE,"30.1"
30,"30_40",-5.325,46.9,FALSE,"30.1"
30,"30_41",-5.325,46.875,FALSE,"30.1"
31,"31_1",-6.425,47.225,FALSE,"31.1"
31,"31_2",-6.425,47.25,FALSE,"31.1"
31,"31_3",-6.425,47.275,FALSE,"31.1"
31,"31_4",-6.425,47.3,FALSE,"31.1"
31,"31_5",-6.425,47.325,FALSE,"31.1"
31,"31_6",-6.425,47.35,FALSE,"31.1"
31,"31_7",-6.425,47.375,FALSE,"31.1"
31,"31_8",-6.4,47.375,FALSE,"31.1"
31,"31_9",-6.375,47.375,FALSE,"31.1"
31,"31_10",-6.35,47.375,FALSE,"31.1"
31,"31_11",-6.325,47.375,FALSE,"31.1"
31,"31_12",-6.3,47.375,FALSE,"31.1"
31,"31_13",-6.275,47.375,FALSE,"31.1"
31,"31_14",-6.25,47.375,FALSE,"31.1"
31,"31_15",-6.225,47.375,FALSE,"31.1"
31,"31_16",-6.225,47.35,FALSE,"31.1"
31,"31_17",-6.225,47.325,FALSE,"31.1"
31,"31_18",-6.225,47.3,FALSE,"31.1"
31,"31_19",-6.225,47.275,FALSE,"31.1"
31,"31_20",-6.25,47.275,FALSE,"31.1"
31,"31_21",-6.275,47.275,FALSE,"31.1"
31,"31_22",-6.3,47.275,FALSE,"31.1"
31,"31_23",-6.325,47.275,FALSE,"31.1"
31,"31_24",-6.325,47.25,FALSE,"31.1"
31,"31_25",-6.325,47.225,FALSE,"31.1"
31,"31_26",-6.35,47.225,FALSE,"31.1"
31,"31_27",-6.375,47.225,FALSE,"31.1"
31,"31_28",-6.4,47.225,FALSE,"31.1"
31,"31_29",-6.425,47.225,FALSE,"31.1"
32,"32_1",-6.575,47.325,FALSE,"32.1"
32,"32_2",-6.6,47.325,FALSE,"32.1"
32,"32_3",-6.625,47.325,FALSE,"32.1"
32,"32_4",-6.65,47.325,FALSE,"32.1"
32,"32_5",-6.675,47.325,FALSE,"32.1"
32,"32_6",-6.675,47.35,FALSE,"32.1"
32,"32_7",-6.675,47.375,FALSE,"32.1"
32,"32_8",-6.675,47.4,FALSE,"32.1"
32,"32_9",-6.675,47.425,FALSE,"32.1"
32,"32_10",-6.675,47.45,FALSE,"32.1"
32,"32_11",-6.675,47.475,FALSE,"32.1"
32,"32_12",-6.65,47.475,FALSE,"32.1"
32,"32_13",-6.625,47.475,FALSE,"32.1"
32,"32_14",-6.6,47.475,FALSE,"32.1"
32,"32_15",-6.575,47.475,FALSE,"32.1"
32,"32_16",-6.575,47.45,FALSE,"32.1"
32,"32_17",-6.575,47.425,FALSE,"32.1"
32,"32_18",-6.575,47.4,FALSE,"32.1"
32,"32_19",-6.575,47.375,FALSE,"32.1"
32,"32_20",-6.575,47.35,FALSE,"32.1"
32,"32_21",-6.575,47.325,FALSE,"32.1"
33,"33_1",-6.825,47.425,FALSE,"33.1"
33,"33_2",-6.85,47.425,FALSE,"33.1"
33,"33_3",-6.875,47.425,FALSE,"33.1"
33,"33_4",-6.9,47.425,FALSE,"33.1"
33,"33_5",-6.925,47.425,FALSE,"33.1"
33,"33_6",-6.925,47.45,FALSE,"33.1"
33,"33_7",-6.925,47.475,FALSE,"33.1"
33,"33_8",-6.925,47.5,FALSE,"33.1"
33,"33_9",-6.925,47.525,FALSE,"33.1"
33,"33_10",-6.9,47.525,FALSE,"33.1"
33,"33_11",-6.875,47.525,FALSE,"33.1"
33,"33_12",-6.85,47.525,FALSE,"33.1"
33,"33_13",-6.825,47.525,FALSE,"33.1"
33,"33_14",-6.825,47.5,FALSE,"33.1"
33,"33_15",-6.825,47.475,FALSE,"33.1"
33,"33_16",-6.825,47.45,FALSE,"33.1"
33,"33_17",-6.825,47.425,FALSE,"33.1"
34,"34_1",-6.975,47.475,FALSE,"34.1"
34,"34_2",-7,47.475,FALSE,"34.1"
34,"34_3",-7.025,47.475,FALSE,"34.1"
34,"34_4",-7.05,47.475,FALSE,"34.1"
34,"34_5",-7.075,47.475,FALSE,"34.1"
34,"34_6",-7.1,47.475,FALSE,"34.1"
34,"34_7",-7.125,47.475,FALSE,"34.1"
34,"34_8",-7.15,47.475,FALSE,"34.1"
34,"34_9",-7.175,47.475,FALSE,"34.1"
34,"34_10",-7.175,47.5,FALSE,"34.1"
34,"34_11",-7.175,47.525,FALSE,"34.1"
34,"34_12",-7.175,47.55,FALSE,"34.1"
34,"34_13",-7.175,47.575,FALSE,"34.1"
34,"34_14",-7.15,47.575,FALSE,"34.1"
34,"34_15",-7.125,47.575,FALSE,"34.1"
34,"34_16",-7.1,47.575,FALSE,"34.1"
34,"34_17",-7.075,47.575,FALSE,"34.1"
34,"34_18",-7.05,47.575,FALSE,"34.1"
34,"34_19",-7.025,47.575,FALSE,"34.1"
34,"34_20",-7,47.575,FALSE,"34.1"
34,"34_21",-6.975,47.575,FALSE,"34.1"
34,"34_22",-6.975,47.55,FALSE,"34.1"
34,"34_23",-6.975,47.525,FALSE,"34.1"
34,"34_24",-6.975,47.5,FALSE,"34.1"
34,"34_25",-6.975,47.475,FALSE,"34.1"
35,"35_1",-7.325,47.525,FALSE,"35.1"
35,"35_2",-7.35,47.525,FALSE,"35.1"
35,"35_3",-7.375,47.525,FALSE,"35.1"
35,"35_4",-7.4,47.525,FALSE,"35.1"
35,"35_5",-7.425,47.525,FALSE,"35.1"
35,"35_6",-7.425,47.55,FALSE,"35.1"
35,"35_7",-7.425,47.575,FALSE,"35.1"
35,"35_8",-7.425,47.6,FALSE,"35.1"
35,"35_9",-7.425,47.625,FALSE,"35.1"
35,"35_10",-7.4,47.625,FALSE,"35.1"
35,"35_11",-7.375,47.625,FALSE,"35.1"
35,"35_12",-7.35,47.625,FALSE,"35.1"
35,"35_13",-7.325,47.625,FALSE,"35.1"
35,"35_14",-7.325,47.6,FALSE,"35.1"
35,"35_15",-7.325,47.575,FALSE,"35.1"
35,"35_16",-7.325,47.55,FALSE,"35.1"
35,"35_17",-7.325,47.525,FALSE,"35.1"
36,"36_1",-8.275,47.375,FALSE,"36.1"
36,"36_2",-8.3,47.375,FALSE,"36.1"
36,"36_3",-8.325,47.375,FALSE,"36.1"
36,"36_4",-8.35,47.375,FALSE,"36.1"
36,"36_5",-8.375,47.375,FALSE,"36.1"
36,"36_6",-8.375,47.4,FALSE,"36.1"
36,"36_7",-8.375,47.425,FALSE,"36.1"
36,"36_8",-8.4,47.425,FALSE,"36.1"
36,"36_9",-8.425,47.425,FALSE,"36.1"
36,"36_10",-8.425,47.45,FALSE,"36.1"
36,"36_11",-8.425,47.475,FALSE,"36.1"
36,"36_12",-8.45,47.475,FALSE,"36.1"
36,"36_13",-8.475,47.475,FALSE,"36.1"
36,"36_14",-8.475,47.5,FALSE,"36.1"
36,"36_15",-8.475,47.525,FALSE,"36.1"
36,"36_16",-8.475,47.55,FALSE,"36.1"
36,"36_17",-8.475,47.575,FALSE,"36.1"
36,"36_18",-8.45,47.575,FALSE,"36.1"
36,"36_19",-8.425,47.575,FALSE,"36.1"
36,"36_20",-8.4,47.575,FALSE,"36.1"
36,"36_21",-8.375,47.575,FALSE,"36.1"
36,"36_22",-8.35,47.575,FALSE,"36.1"
36,"36_23",-8.325,47.575,FALSE,"36.1"
36,"36_24",-8.3,47.575,FALSE,"36.1"
36,"36_25",-8.275,47.575,FALSE,"36.1"
36,"36_26",-8.275,47.6,FALSE,"36.1"
36,"36_27",-8.275,47.625,FALSE,"36.1"
36,"36_28",-8.3,47.625,FALSE,"36.1"
36,"36_29",-8.325,47.625,FALSE,"36.1"
36,"36_30",-8.35,47.625,FALSE,"36.1"
36,"36_31",-8.375,47.625,FALSE,"36.1"
36,"36_32",-8.375,47.65,FALSE,"36.1"
36,"36_33",-8.375,47.675,FALSE,"36.1"
36,"36_34",-8.4,47.675,FALSE,"36.1"
36,"36_35",-8.425,47.675,FALSE,"36.1"
36,"36_36",-8.425,47.7,FALSE,"36.1"
36,"36_37",-8.425,47.725,FALSE,"36.1"
36,"36_38",-8.425,47.75,FALSE,"36.1"
36,"36_39",-8.425,47.775,FALSE,"36.1"
36,"36_40",-8.4,47.775,FALSE,"36.1"
36,"36_41",-8.375,47.775,FALSE,"36.1"
36,"36_42",-8.35,47.775,FALSE,"36.1"
36,"36_43",-8.325,47.775,FALSE,"36.1"
36,"36_44",-8.3,47.775,FALSE,"36.1"
36,"36_45",-8.275,47.775,FALSE,"36.1"
36,"36_46",-8.275,47.75,FALSE,"36.1"
36,"36_47",-8.275,47.725,FALSE,"36.1"
36,"36_48",-8.25,47.725,FALSE,"36.1"
36,"36_49",-8.225,47.725,FALSE,"36.1"
36,"36_50",-8.225,47.75,FALSE,"36.1"
36,"36_51",-8.225,47.775,FALSE,"36.1"
36,"36_52",-8.225,47.8,FALSE,"36.1"
36,"36_53",-8.225,47.825,FALSE,"36.1"
36,"36_54",-8.225,47.85,FALSE,"36.1"
36,"36_55",-8.225,47.875,FALSE,"36.1"
36,"36_56",-8.225,47.9,FALSE,"36.1"
36,"36_57",-8.225,47.925,FALSE,"36.1"
36,"36_58",-8.2,47.925,FALSE,"36.1"
36,"36_59",-8.175,47.925,FALSE,"36.1"
36,"36_60",-8.15,47.925,FALSE,"36.1"
36,"36_61",-8.125,47.925,FALSE,"36.1"
36,"36_62",-8.125,47.9,FALSE,"36.1"
36,"36_63",-8.125,47.875,FALSE,"36.1"
36,"36_64",-8.1,47.875,FALSE,"36.1"
36,"36_65",-8.075,47.875,FALSE,"36.1"
36,"36_66",-8.075,47.9,FALSE,"36.1"
36,"36_67",-8.075,47.925,FALSE,"36.1"
36,"36_68",-8.05,47.925,FALSE,"36.1"
36,"36_69",-8.025,47.925,FALSE,"36.1"
36,"36_70",-8,47.925,FALSE,"36.1"
36,"36_71",-7.975,47.925,FALSE,"36.1"
36,"36_72",-7.975,47.9,FALSE,"36.1"
36,"36_73",-7.975,47.875,FALSE,"36.1"
36,"36_74",-7.975,47.85,FALSE,"36.1"
36,"36_75",-7.975,47.825,FALSE,"36.1"
36,"36_76",-8,47.825,FALSE,"36.1"
36,"36_77",-8.025,47.825,FALSE,"36.1"
36,"36_78",-8.025,47.8,FALSE,"36.1"
36,"36_79",-8.025,47.775,FALSE,"36.1"
36,"36_80",-8.025,47.75,FALSE,"36.1"
36,"36_81",-8.025,47.725,FALSE,"36.1"
36,"36_82",-8.025,47.7,FALSE,"36.1"
36,"36_83",-8.025,47.675,FALSE,"36.1"
36,"36_84",-8.05,47.675,FALSE,"36.1"
36,"36_85",-8.075,47.675,FALSE,"36.1"
36,"36_86",-8.1,47.675,FALSE,"36.1"
36,"36_87",-8.125,47.675,FALSE,"36.1"
36,"36_88",-8.125,47.65,FALSE,"36.1"
36,"36_89",-8.125,47.625,FALSE,"36.1"
36,"36_90",-8.15,47.625,FALSE,"36.1"
36,"36_91",-8.175,47.625,FALSE,"36.1"
36,"36_92",-8.175,47.6,FALSE,"36.1"
36,"36_93",-8.175,47.575,FALSE,"36.1"
36,"36_94",-8.175,47.55,FALSE,"36.1"
36,"36_95",-8.175,47.525,FALSE,"36.1"
36,"36_96",-8.2,47.525,FALSE,"36.1"
36,"36_97",-8.225,47.525,FALSE,"36.1"
36,"36_98",-8.225,47.5,FALSE,"36.1"
36,"36_99",-8.225,47.475,FALSE,"36.1"
36,"36_100",-8.225,47.45,FALSE,"36.1"
36,"36_101",-8.225,47.425,FALSE,"36.1"
36,"36_102",-8.25,47.425,FALSE,"36.1"
36,"36_103",-8.275,47.425,FALSE,"36.1"
36,"36_104",-8.275,47.4,FALSE,"36.1"
36,"36_105",-8.275,47.375,FALSE,"36.1"
37,"37_1",-7.475,47.575,FALSE,"37.1"
37,"37_2",-7.5,47.575,FALSE,"37.1"
37,"37_3",-7.525,47.575,FALSE,"37.1"
37,"37_4",-7.55,47.575,FALSE,"37.1"
37,"37_5",-7.575,47.575,FALSE,"37.1"
37,"37_6",-7.6,47.575,FALSE,"37.1"
37,"37_7",-7.625,47.575,FALSE,"37.1"
37,"37_8",-7.65,47.575,FALSE,"37.1"
37,"37_9",-7.675,47.575,FALSE,"37.1"
37,"37_10",-7.675,47.6,FALSE,"37.1"
37,"37_11",-7.675,47.625,FALSE,"37.1"
37,"37_12",-7.675,47.65,FALSE,"37.1"
37,"37_13",-7.675,47.675,FALSE,"37.1"
37,"37_14",-7.65,47.675,FALSE,"37.1"
37,"37_15",-7.625,47.675,FALSE,"37.1"
37,"37_16",-7.6,47.675,FALSE,"37.1"
37,"37_17",-7.575,47.675,FALSE,"37.1"
37,"37_18",-7.55,47.675,FALSE,"37.1"
37,"37_19",-7.525,47.675,FALSE,"37.1"
37,"37_20",-7.5,47.675,FALSE,"37.1"
37,"37_21",-7.475,47.675,FALSE,"37.1"
37,"37_22",-7.475,47.65,FALSE,"37.1"
37,"37_23",-7.475,47.625,FALSE,"37.1"
37,"37_24",-7.475,47.6,FALSE,"37.1"
37,"37_25",-7.475,47.575,FALSE,"37.1"
38,"38_1",-7.575,47.775,FALSE,"38.1"
38,"38_2",-7.6,47.775,FALSE,"38.1"
38,"38_3",-7.625,47.775,FALSE,"38.1"
38,"38_4",-7.65,47.775,FALSE,"38.1"
38,"38_5",-7.675,47.775,FALSE,"38.1"
38,"38_6",-7.7,47.775,FALSE,"38.1"
38,"38_7",-7.725,47.775,FALSE,"38.1"
38,"38_8",-7.725,47.8,FALSE,"38.1"
38,"38_9",-7.725,47.825,FALSE,"38.1"
38,"38_10",-7.725,47.85,FALSE,"38.1"
38,"38_11",-7.725,47.875,FALSE,"38.1"
38,"38_12",-7.7,47.875,FALSE,"38.1"
38,"38_13",-7.675,47.875,FALSE,"38.1"
38,"38_14",-7.65,47.875,FALSE,"38.1"
38,"38_15",-7.625,47.875,FALSE,"38.1"
38,"38_16",-7.6,47.875,FALSE,"38.1"
38,"38_17",-7.575,47.875,FALSE,"38.1"
38,"38_18",-7.575,47.85,FALSE,"38.1"
38,"38_19",-7.575,47.825,FALSE,"38.1"
38,"38_20",-7.575,47.8,FALSE,"38.1"
38,"38_21",-7.575,47.775,FALSE,"38.1"
39,"39_1",-8.425,48.025,FALSE,"39.1"
39,"39_2",-8.45,48.025,FALSE,"39.1"
39,"39_3",-8.475,48.025,FALSE,"39.1"
39,"39_4",-8.5,48.025,FALSE,"39.1"
39,"39_5",-8.525,48.025,FALSE,"39.1"
39,"39_6",-8.525,48.05,FALSE,"39.1"
39,"39_7",-8.525,48.075,FALSE,"39.1"
39,"39_8",-8.525,48.1,FALSE,"39.1"
39,"39_9",-8.525,48.125,FALSE,"39.1"
39,"39_10",-8.5,48.125,FALSE,"39.1"
39,"39_11",-8.475,48.125,FALSE,"39.1"
39,"39_12",-8.45,48.125,FALSE,"39.1"
39,"39_13",-8.425,48.125,FALSE,"39.1"
39,"39_14",-8.425,48.1,FALSE,"39.1"
39,"39_15",-8.425,48.075,FALSE,"39.1"
39,"39_16",-8.425,48.05,FALSE,"39.1"
39,"39_17",-8.425,48.025,FALSE,"39.1"
40,"40_1",-8.775,48.075,FALSE,"40.1"
40,"40_2",-8.8,48.075,FALSE,"40.1"
40,"40_3",-8.825,48.075,FALSE,"40.1"
40,"40_4",-8.85,48.075,FALSE,"40.1"
40,"40_5",-8.875,48.075,FALSE,"40.1"
40,"40_6",-8.875,48.1,FALSE,"40.1"
40,"40_7",-8.875,48.125,FALSE,"40.1"
40,"40_8",-8.875,48.15,FALSE,"40.1"
40,"40_9",-8.875,48.175,FALSE,"40.1"
40,"40_10",-8.85,48.175,FALSE,"40.1"
40,"40_11",-8.825,48.175,FALSE,"40.1"
40,"40_12",-8.8,48.175,FALSE,"40.1"
40,"40_13",-8.775,48.175,FALSE,"40.1"
40,"40_14",-8.775,48.15,FALSE,"40.1"
40,"40_15",-8.775,48.125,FALSE,"40.1"
40,"40_16",-8.775,48.1,FALSE,"40.1"
40,"40_17",-8.775,48.075,FALSE,"40.1"
41,"41_1",-9.075,48.075,FALSE,"41.1"
41,"41_2",-9.1,48.075,FALSE,"41.1"
41,"41_3",-9.125,48.075,FALSE,"41.1"
41,"41_4",-9.15,48.075,FALSE,"41.1"
41,"41_5",-9.175,48.075,FALSE,"41.1"
41,"41_6",-9.2,48.075,FALSE,"41.1"
41,"41_7",-9.225,48.075,FALSE,"41.1"
41,"41_8",-9.225,48.1,FALSE,"41.1"
41,"41_9",-9.225,48.125,FALSE,"41.1"
41,"41_10",-9.225,48.15,FALSE,"41.1"
41,"41_11",-9.225,48.175,FALSE,"41.1"
41,"41_12",-9.25,48.175,FALSE,"41.1"
41,"41_13",-9.275,48.175,FALSE,"41.1"
41,"41_14",-9.3,48.175,FALSE,"41.1"
41,"41_15",-9.325,48.175,FALSE,"41.1"
41,"41_16",-9.325,48.179,FALSE,"41.1"
41,"41_17",-9.125,48.2352,FALSE,"41.1"
41,"41_18",-9.125,48.225,FALSE,"41.1"
41,"41_19",-9.1,48.225,FALSE,"41.1"
41,"41_20",-9.075,48.225,FALSE,"41.1"
41,"41_21",-9.05,48.225,FALSE,"41.1"
41,"41_22",-9.025,48.225,FALSE,"41.1"
41,"41_23",-9.025,48.2,FALSE,"41.1"
41,"41_24",-9.025,48.175,FALSE,"41.1"
41,"41_25",-9.025,48.15,FALSE,"41.1"
41,"41_26",-9.025,48.125,FALSE,"41.1"
41,"41_27",-9.05,48.125,FALSE,"41.1"
41,"41_28",-9.075,48.125,FALSE,"41.1"
41,"41_29",-9.075,48.1,FALSE,"41.1"
41,"41_30",-9.075,48.075,FALSE,"41.1"
43,"43_1",-9.775,48.525,FALSE,"43.1"
43,"43_2",-9.75,48.525,FALSE,"43.1"
43,"43_3",-9.725,48.525,FALSE,"43.1"
43,"43_4",-9.7,48.525,FALSE,"43.1"
43,"43_5",-9.675,48.525,FALSE,"43.1"
43,"43_6",-9.65,48.525,FALSE,"43.1"
43,"43_7",-9.625,48.525,FALSE,"43.1"
43,"43_8",-9.625,48.5,FALSE,"43.1"
43,"43_9",-9.775,48.5,FALSE,"43.1"
43,"43_10",-9.775,48.525,FALSE,"43.1"
44,"44_1",-9.725,48.575,FALSE,"44.1"
44,"44_2",-9.75,48.575,FALSE,"44.1"
44,"44_3",-9.775,48.575,FALSE,"44.1"
44,"44_4",-9.8,48.575,FALSE,"44.1"
44,"44_5",-9.825,48.575,FALSE,"44.1"
44,"44_6",-9.85,48.575,FALSE,"44.1"
44,"44_7",-9.875,48.575,FALSE,"44.1"
44,"44_8",-9.9,48.575,FALSE,"44.1"
44,"44_9",-9.925,48.575,FALSE,"44.1"
44,"44_10",-9.925,48.6,FALSE,"44.1"
44,"44_11",-9.925,48.625,FALSE,"44.1"
44,"44_12",-9.95,48.625,FALSE,"44.1"
44,"44_13",-9.975,48.625,FALSE,"44.1"
44,"44_14",-9.975,48.65,FALSE,"44.1"
44,"44_15",-9.975,48.675,FALSE,"44.1"
44,"44_16",-9.975,48.7,FALSE,"44.1"
44,"44_17",-9.975,48.725,FALSE,"44.1"
44,"44_18",-9.95,48.725,FALSE,"44.1"
44,"44_19",-9.925,48.725,FALSE,"44.1"
44,"44_20",-9.925,48.75,FALSE,"44.1"
44,"44_21",-9.925,48.775,FALSE,"44.1"
44,"44_22",-9.9,48.775,FALSE,"44.1"
44,"44_23",-9.875,48.775,FALSE,"44.1"
44,"44_24",-9.85,48.775,FALSE,"44.1"
44,"44_25",-9.825,48.775,FALSE,"44.1"
44,"44_26",-9.825,48.75,FALSE,"44.1"
44,"44_27",-9.825,48.725,FALSE,"44.1"
44,"44_28",-9.825,48.7,FALSE,"44.1"
44,"44_29",-9.825,48.675,FALSE,"44.1"
44,"44_30",-9.8,48.675,FALSE,"44.1"
44,"44_31",-9.775,48.675,FALSE,"44.1"
44,"44_32",-9.75,48.675,FALSE,"44.1"
44,"44_33",-9.725,48.675,FALSE,"44.1"
44,"44_34",-9.725,48.65,FALSE,"44.1"
44,"44_35",-9.725,48.625,FALSE,"44.1"
44,"44_36",-9.725,48.6,FALSE,"44.1"
44,"44_37",-9.725,48.575,FALSE,"44.1"
45,"45_1",-10.475,48.525,FALSE,"45.1"
45,"45_2",-10.475,48.55,FALSE,"45.1"
45,"45_3",-10.475,48.575,FALSE,"45.1"
45,"45_4",-10.475,48.6,FALSE,"45.1"
45,"45_5",-10.475,48.625,FALSE,"45.1"
45,"45_6",-10.475,48.65,FALSE,"45.1"
45,"45_7",-10.475,48.675,FALSE,"45.1"
45,"45_8",-10.475,48.7,FALSE,"45.1"
45,"45_9",-10.475,48.725,FALSE,"45.1"
45,"45_10",-10.45,48.725,FALSE,"45.1"
45,"45_11",-10.425,48.725,FALSE,"45.1"
45,"45_12",-10.4,48.725,FALSE,"45.1"
45,"45_13",-10.375,48.725,FALSE,"45.1"
45,"45_14",-10.35,48.725,FALSE,"45.1"
45,"45_15",-10.325,48.725,FALSE,"45.1"
45,"45_16",-10.325,48.7,FALSE,"45.1"
45,"45_17",-10.325,48.675,FALSE,"45.1"
45,"45_18",-10.325,48.65,FALSE,"45.1"
45,"45_19",-10.325,48.625,FALSE,"45.1"
45,"45_20",-10.325,48.6,FALSE,"45.1"
45,"45_21",-10.325,48.575,FALSE,"45.1"
45,"45_22",-10.35,48.575,FALSE,"45.1"
45,"45_23",-10.375,48.575,FALSE,"45.1"
45,"45_24",-10.375,48.55,FALSE,"45.1"
45,"45_25",-10.375,48.525,FALSE,"45.1"
45,"45_26",-10.4,48.525,FALSE,"45.1"
45,"45_27",-10.425,48.525,FALSE,"45.1"
45,"45_28",-10.45,48.525,FALSE,"45.1"
45,"45_29",-10.475,48.525,FALSE,"45.1"
46,"46_1",-10.525,48.625,FALSE,"46.1"
46,"46_2",-10.55,48.625,FALSE,"46.1"
46,"46_3",-10.575,48.625,FALSE,"46.1"
46,"46_4",-10.6,48.625,FALSE,"46.1"
46,"46_5",-10.625,48.625,FALSE,"46.1"
46,"46_6",-10.65,48.625,FALSE,"46.1"
46,"46_7",-10.675,48.625,FALSE,"46.1"
46,"46_8",-10.675,48.65,FALSE,"46.1"
46,"46_9",-10.675,48.675,FALSE,"46.1"
46,"46_10",-10.675,48.7,FALSE,"46.1"
46,"46_11",-10.675,48.725,FALSE,"46.1"
46,"46_12",-10.7,48.725,FALSE,"46.1"
46,"46_13",-10.725,48.725,FALSE,"46.1"
46,"46_14",-10.725,48.75,FALSE,"46.1"
46,"46_15",-10.725,48.775,FALSE,"46.1"
46,"46_16",-10.75,48.775,FALSE,"46.1"
46,"46_17",-10.775,48.775,FALSE,"46.1"
46,"46_18",-10.775,48.8,FALSE,"46.1"
46,"46_19",-10.775,48.825,FALSE,"46.1"
46,"46_20",-10.775,48.85,FALSE,"46.1"
46,"46_21",-10.775,48.875,FALSE,"46.1"
46,"46_22",-10.75,48.875,FALSE,"46.1"
46,"46_23",-10.725,48.875,FALSE,"46.1"
46,"46_24",-10.7,48.875,FALSE,"46.1"
46,"46_25",-10.675,48.875,FALSE,"46.1"
46,"46_26",-10.675,48.85,FALSE,"46.1"
46,"46_27",-10.675,48.825,FALSE,"46.1"
46,"46_28",-10.65,48.825,FALSE,"46.1"
46,"46_29",-10.625,48.825,FALSE,"46.1"
46,"46_30",-10.6,48.825,FALSE,"46.1"
46,"46_31",-10.575,48.825,FALSE,"46.1"
46,"46_32",-10.55,48.825,FALSE,"46.1"
46,"46_33",-10.525,48.825,FALSE,"46.1"
46,"46_34",-10.525,48.8,FALSE,"46.1"
46,"46_35",-10.525,48.775,FALSE,"46.1"
46,"46_36",-10.525,48.75,FALSE,"46.1"
46,"46_37",-10.525,48.725,FALSE,"46.1"
46,"46_38",-10.525,48.7,FALSE,"46.1"
46,"46_39",-10.525,48.675,FALSE,"46.1"
46,"46_40",-10.525,48.65,FALSE,"46.1"
46,"46_41",-10.525,48.625,FALSE,"46.1"
47,"47_1",-11.075,48.825,FALSE,"47.1"
47,"47_2",-11.1,48.825,FALSE,"47.1"
47,"47_3",-11.125,48.825,FALSE,"47.1"
47,"47_4",-11.15,48.825,FALSE,"47.1"
47,"47_5",-11.175,48.825,FALSE,"47.1"
47,"47_6",-11.175,48.85,FALSE,"47.1"
47,"47_7",-11.175,48.875,FALSE,"47.1"
47,"47_8",-11.175,48.9,FALSE,"47.1"
47,"47_9",-11.175,48.925,FALSE,"47.1"
47,"47_10",-11.15,48.925,FALSE,"47.1"
47,"47_11",-11.125,48.925,FALSE,"47.1"
47,"47_12",-11.1,48.925,FALSE,"47.1"
47,"47_13",-11.075,48.925,FALSE,"47.1"
47,"47_14",-11.075,48.95,FALSE,"47.1"
47,"47_15",-11.075,48.975,FALSE,"47.1"
47,"47_16",-11.05,48.975,FALSE,"47.1"
47,"47_17",-11.025,48.975,FALSE,"47.1"
47,"47_18",-11,48.975,FALSE,"47.1"
47,"47_19",-10.975,48.975,FALSE,"47.1"
47,"47_20",-10.975,48.95,FALSE,"47.1"
47,"47_21",-10.975,48.925,FALSE,"47.1"
47,"47_22",-10.975,48.9,FALSE,"47.1"
47,"47_23",-10.975,48.875,FALSE,"47.1"
47,"47_24",-11,48.875,FALSE,"47.1"
47,"47_25",-11.025,48.875,FALSE,"47.1"
47,"47_26",-11.05,48.875,FALSE,"47.1"
47,"47_27",-11.075,48.875,FALSE,"47.1"
47,"47_28",-11.075,48.85,FALSE,"47.1"
47,"47_29",-11.075,48.825,FALSE,"47.1"
48,"48_1",-11.275,50.675,FALSE,"48.1"
48,"48_2",-11.3,50.675,FALSE,"48.1"
48,"48_3",-11.325,50.675,FALSE,"48.1"
48,"48_4",-11.35,50.675,FALSE,"48.1"
48,"48_5",-11.375,50.675,FALSE,"48.1"
48,"48_6",-11.375,50.7,FALSE,"48.1"
48,"48_7",-11.375,50.725,FALSE,"48.1"
48,"48_8",-11.375,50.75,FALSE,"48.1"
48,"48_9",-11.375,50.775,FALSE,"48.1"
48,"48_10",-11.35,50.775,FALSE,"48.1"
48,"48_11",-11.325,50.775,FALSE,"48.1"
48,"48_12",-11.3,50.775,FALSE,"48.1"
48,"48_13",-11.275,50.775,FALSE,"48.1"
48,"48_14",-11.275,50.75,FALSE,"48.1"
48,"48_15",-11.275,50.725,FALSE,"48.1"
48,"48_16",-11.275,50.7,FALSE,"48.1"
48,"48_17",-11.275,50.675,FALSE,"48.1"
49,"49_1",-11.575,51.325,FALSE,"49.1"
49,"49_2",-11.6,51.325,FALSE,"49.1"
49,"49_3",-11.625,51.325,FALSE,"49.1"
49,"49_4",-11.65,51.325,FALSE,"49.1"
49,"49_5",-11.675,51.325,FALSE,"49.1"
49,"49_6",-11.675,51.35,FALSE,"49.1"
49,"49_7",-11.675,51.375,FALSE,"49.1"
49,"49_8",-11.675,51.4,FALSE,"49.1"
49,"49_9",-11.675,51.425,FALSE,"49.1"
49,"49_10",-11.65,51.425,FALSE,"49.1"
49,"49_11",-11.625,51.425,FALSE,"49.1"
49,"49_12",-11.6,51.425,FALSE,"49.1"
49,"49_13",-11.575,51.425,FALSE,"49.1"
49,"49_14",-11.575,51.4,FALSE,"49.1"
49,"49_15",-11.575,51.375,FALSE,"49.1"
49,"49_16",-11.575,51.35,FALSE,"49.1"
49,"49_17",-11.575,51.325,FALSE,"49.1"
50,"50_1",-11.725,51.375,FALSE,"50.1"
50,"50_2",-11.75,51.375,FALSE,"50.1"
50,"50_3",-11.775,51.375,FALSE,"50.1"
50,"50_4",-11.8,51.375,FALSE,"50.1"
50,"50_5",-11.825,51.375,FALSE,"50.1"
50,"50_6",-11.825,51.4,FALSE,"50.1"
50,"50_7",-11.825,51.425,FALSE,"50.1"
50,"50_8",-11.825,51.45,FALSE,"50.1"
50,"50_9",-11.825,51.475,FALSE,"50.1"
50,"50_10",-11.8,51.475,FALSE,"50.1"
50,"50_11",-11.775,51.475,FALSE,"50.1"
50,"50_12",-11.75,51.475,FALSE,"50.1"
50,"50_13",-11.725,51.475,FALSE,"50.1"
50,"50_14",-11.725,51.45,FALSE,"50.1"
50,"50_15",-11.725,51.425,FALSE,"50.1"
50,"50_16",-11.725,51.4,FALSE,"50.1"
50,"50_17",-11.725,51.375,FALSE,"50.1"
51,"51_1",-11.875,51.575,FALSE,"51.1"
51,"51_2",-11.9,51.575,FALSE,"51.1"
51,"51_3",-11.925,51.575,FALSE,"51.1"
51,"51_4",-11.95,51.575,FALSE,"51.1"
51,"51_5",-11.975,51.575,FALSE,"51.1"
51,"51_6",-11.975,51.6,FALSE,"51.1"
51,"51_7",-11.975,51.625,FALSE,"51.1"
51,"51_8",-11.975,51.65,FALSE,"51.1"
51,"51_9",-11.975,51.675,FALSE,"51.1"
51,"51_10",-11.95,51.675,FALSE,"51.1"
51,"51_11",-11.925,51.675,FALSE,"51.1"
51,"51_12",-11.9,51.675,FALSE,"51.1"
51,"51_13",-11.875,51.675,FALSE,"51.1"
51,"51_14",-11.875,51.65,FALSE,"51.1"
51,"51_15",-11.875,51.625,FALSE,"51.1"
51,"51_16",-11.875,51.6,FALSE,"51.1"
51,"51_17",-11.875,51.575,FALSE,"51.1"
52,"52_1",-14.525,51.025,FALSE,"52.1"
52,"52_2",-14.55,51.025,FALSE,"52.1"
52,"52_3",-14.575,51.025,FALSE,"52.1"
52,"52_4",-14.6,51.025,FALSE,"52.1"
52,"52_5",-14.625,51.025,FALSE,"52.1"
52,"52_6",-14.625,51.05,FALSE,"52.1"
52,"52_7",-14.625,51.075,FALSE,"52.1"
52,"52_8",-14.625,51.1,FALSE,"52.1"
52,"52_9",-14.625,51.125,FALSE,"52.1"
52,"52_10",-14.6,51.125,FALSE,"52.1"
52,"52_11",-14.575,51.125,FALSE,"52.1"
52,"52_12",-14.55,51.125,FALSE,"52.1"
52,"52_13",-14.525,51.125,FALSE,"52.1"
52,"52_14",-14.525,51.1,FALSE,"52.1"
52,"52_15",-14.525,51.075,FALSE,"52.1"
52,"52_16",-14.525,51.05,FALSE,"52.1"
52,"52_17",-14.525,51.025,FALSE,"52.1"
53,"53_1",-12.725,52.15,FALSE,"53.1"
53,"53_2",-12.725,52.125,FALSE,"53.1"
53,"53_3",-12.75,52.125,FALSE,"53.1"
53,"53_4",-12.775,52.125,FALSE,"53.1"
53,"53_5",-12.8,52.125,FALSE,"53.1"
53,"53_6",-12.825,52.125,FALSE,"53.1"
53,"53_7",-12.825,52.15,FALSE,"53.1"
53,"53_8",-12.825,52.175,FALSE,"53.1"
53,"53_9",-12.85,52.175,FALSE,"53.1"
53,"53_10",-12.875,52.175,FALSE,"53.1"
53,"53_11",-12.875,52.2,FALSE,"53.1"
53,"53_12",-12.875,52.225,FALSE,"53.1"
53,"53_13",-12.875,52.25,FALSE,"53.1"
53,"53_14",-12.875,52.275,FALSE,"53.1"
53,"53_15",-12.85,52.275,FALSE,"53.1"
53,"53_16",-12.825,52.275,FALSE,"53.1"
53,"53_17",-12.8,52.275,FALSE,"53.1"
53,"53_18",-12.775,52.275,FALSE,"53.1"
53,"53_19",-12.775,52.25,FALSE,"53.1"
53,"53_20",-12.775,52.225,FALSE,"53.1"
53,"53_21",-12.75,52.225,FALSE,"53.1"
53,"53_22",-12.725,52.225,FALSE,"53.1"
53,"53_23",-12.725,52.2,FALSE,"53.1"
53,"53_24",-12.725,52.175,FALSE,"53.1"
53,"53_25",-12.725,52.15,FALSE,"53.1"
54,"54_1",-12.525,52.175,FALSE,"54.1"
54,"54_2",-12.55,52.175,FALSE,"54.1"
54,"54_3",-12.575,52.175,FALSE,"54.1"
54,"54_4",-12.6,52.175,FALSE,"54.1"
54,"54_5",-12.625,52.175,FALSE,"54.1"
54,"54_6",-12.625,52.2,FALSE,"54.1"
54,"54_7",-12.625,52.225,FALSE,"54.1"
54,"54_8",-12.625,52.25,FALSE,"54.1"
54,"54_9",-12.625,52.275,FALSE,"54.1"
54,"54_10",-12.6,52.275,FALSE,"54.1"
54,"54_11",-12.575,52.275,FALSE,"54.1"
54,"54_12",-12.55,52.275,FALSE,"54.1"
54,"54_13",-12.525,52.275,FALSE,"54.1"
54,"54_14",-12.525,52.25,FALSE,"54.1"
54,"54_15",-12.525,52.225,FALSE,"54.1"
54,"54_16",-12.525,52.2,FALSE,"54.1"
54,"54_17",-12.525,52.175,FALSE,"54.1"
55,"55_1",-13.025,52.225,FALSE,"55.1"
55,"55_2",-13.05,52.225,FALSE,"55.1"
55,"55_3",-13.075,52.225,FALSE,"55.1"
55,"55_4",-13.1,52.225,FALSE,"55.1"
55,"55_5",-13.125,52.225,FALSE,"55.1"
55,"55_6",-13.125,52.25,FALSE,"55.1"
55,"55_7",-13.125,52.275,FALSE,"55.1"
55,"55_8",-13.125,52.3,FALSE,"55.1"
55,"55_9",-13.125,52.325,FALSE,"55.1"
55,"55_10",-13.1,52.325,FALSE,"55.1"
55,"55_11",-13.075,52.325,FALSE,"55.1"
55,"55_12",-13.05,52.325,FALSE,"55.1"
55,"55_13",-13.025,52.325,FALSE,"55.1"
55,"55_14",-13.025,52.3,FALSE,"55.1"
55,"55_15",-13.025,52.275,FALSE,"55.1"
55,"55_16",-13.025,52.25,FALSE,"55.1"
55,"55_17",-13.025,52.225,FALSE,"55.1"
56,"56_1",-14.975,51.825,FALSE,"56.1"
56,"56_2",-15,51.825,FALSE,"56.1"
56,"56_3",-15.025,51.825,FALSE,"56.1"
56,"56_4",-15.05,51.825,FALSE,"56.1"
56,"56_5",-15.075,51.825,FALSE,"56.1"
56,"56_6",-15.1,51.825,FALSE,"56.1"
56,"56_7",-15.125,51.825,FALSE,"56.1"
56,"56_8",-15.15,51.825,FALSE,"56.1"
56,"56_9",-15.175,51.825,FALSE,"56.1"
56,"56_10",-15.175,51.8,FALSE,"56.1"
56,"56_11",-15.175,51.775,FALSE,"56.1"
56,"56_12",-15.2,51.775,FALSE,"56.1"
56,"56_13",-15.225,51.775,FALSE,"56.1"
56,"56_14",-15.25,51.775,FALSE,"56.1"
56,"56_15",-15.275,51.775,FALSE,"56.1"
56,"56_16",-15.3,51.775,FALSE,"56.1"
56,"56_17",-15.325,51.775,FALSE,"56.1"
56,"56_18",-15.325,51.8,FALSE,"56.1"
56,"56_19",-15.325,51.825,FALSE,"56.1"
56,"56_20",-15.325,51.85,FALSE,"56.1"
56,"56_21",-15.325,51.875,FALSE,"56.1"
56,"56_22",-15.3,51.875,FALSE,"56.1"
56,"56_23",-15.275,51.875,FALSE,"56.1"
56,"56_24",-15.25,51.875,FALSE,"56.1"
56,"56_25",-15.225,51.875,FALSE,"56.1"
56,"56_26",-15.2,51.875,FALSE,"56.1"
56,"56_27",-15.175,51.875,FALSE,"56.1"
56,"56_28",-15.175,51.9,FALSE,"56.1"
56,"56_29",-15.175,51.925,FALSE,"56.1"
56,"56_30",-15.15,51.925,FALSE,"56.1"
56,"56_31",-15.125,51.925,FALSE,"56.1"
56,"56_32",-15.1,51.925,FALSE,"56.1"
56,"56_33",-15.075,51.925,FALSE,"56.1"
56,"56_34",-15.05,51.925,FALSE,"56.1"
56,"56_35",-15.025,51.925,FALSE,"56.1"
56,"56_36",-15,51.925,FALSE,"56.1"
56,"56_37",-14.975,51.925,FALSE,"56.1"
56,"56_38",-14.975,51.9,FALSE,"56.1"
56,"56_39",-14.975,51.875,FALSE,"56.1"
56,"56_40",-14.975,51.85,FALSE,"56.1"
56,"56_41",-14.975,51.825,FALSE,"56.1"
57,"57_1",-14.925,51.975,FALSE,"57.1"
57,"57_2",-14.95,51.975,FALSE,"57.1"
57,"57_3",-14.975,51.975,FALSE,"57.1"
57,"57_4",-15,51.975,FALSE,"57.1"
57,"57_5",-15.025,51.975,FALSE,"57.1"
57,"57_6",-15.025,52,FALSE,"57.1"
57,"57_7",-15.025,52.025,FALSE,"57.1"
57,"57_8",-15.025,52.05,FALSE,"57.1"
57,"57_9",-15.025,52.075,FALSE,"57.1"
57,"57_10",-15,52.075,FALSE,"57.1"
57,"57_11",-14.975,52.075,FALSE,"57.1"
57,"57_12",-14.95,52.075,FALSE,"57.1"
57,"57_13",-14.925,52.075,FALSE,"57.1"
57,"57_14",-14.925,52.05,FALSE,"57.1"
57,"57_15",-14.925,52.025,FALSE,"57.1"
57,"57_16",-14.925,52,FALSE,"57.1"
57,"57_17",-14.925,51.975,FALSE,"57.1"
58,"58_1",-15.075,51.975,FALSE,"58.1"
58,"58_2",-15.1,51.975,FALSE,"58.1"
58,"58_3",-15.125,51.975,FALSE,"58.1"
58,"58_4",-15.15,51.975,FALSE,"58.1"
58,"58_5",-15.175,51.975,FALSE,"58.1"
58,"58_6",-15.175,52,FALSE,"58.1"
58,"58_7",-15.175,52.025,FALSE,"58.1"
58,"58_8",-15.175,52.05,FALSE,"58.1"
58,"58_9",-15.175,52.075,FALSE,"58.1"
58,"58_10",-15.15,52.075,FALSE,"58.1"
58,"58_11",-15.125,52.075,FALSE,"58.1"
58,"58_12",-15.1,52.075,FALSE,"58.1"
58,"58_13",-15.075,52.075,FALSE,"58.1"
58,"58_14",-15.075,52.05,FALSE,"58.1"
58,"58_15",-15.075,52.025,FALSE,"58.1"
58,"58_16",-15.075,52,FALSE,"58.1"
58,"58_17",-15.075,51.975,FALSE,"58.1"
59,"59_1",-14.825,52.175,FALSE,"59.1"
59,"59_2",-14.85,52.175,FALSE,"59.1"
59,"59_3",-14.875,52.175,FALSE,"59.1"
59,"59_4",-14.9,52.175,FALSE,"59.1"
59,"59_5",-14.925,52.175,FALSE,"59.1"
59,"59_6",-14.925,52.2,FALSE,"59.1"
59,"59_7",-14.925,52.225,FALSE,"59.1"
59,"59_8",-14.925,52.25,FALSE,"59.1"
59,"59_9",-14.925,52.275,FALSE,"59.1"
59,"59_10",-14.9,52.275,FALSE,"59.1"
59,"59_11",-14.875,52.275,FALSE,"59.1"
59,"59_12",-14.85,52.275,FALSE,"59.1"
59,"59_13",-14.825,52.275,FALSE,"59.1"
59,"59_14",-14.825,52.25,FALSE,"59.1"
59,"59_15",-14.825,52.225,FALSE,"59.1"
59,"59_16",-14.825,52.2,FALSE,"59.1"
59,"59_17",-14.825,52.175,FALSE,"59.1"
60,"60_1",-14.425,53.425,FALSE,"60.1"
60,"60_2",-14.45,53.425,FALSE,"60.1"
60,"60_3",-14.475,53.425,FALSE,"60.1"
60,"60_4",-14.5,53.425,FALSE,"60.1"
60,"60_5",-14.525,53.425,FALSE,"60.1"
60,"60_6",-14.525,53.45,FALSE,"60.1"
60,"60_7",-14.525,53.475,FALSE,"60.1"
60,"60_8",-14.525,53.5,FALSE,"60.1"
60,"60_9",-14.525,53.525,FALSE,"60.1"
60,"60_10",-14.5,53.525,FALSE,"60.1"
60,"60_11",-14.475,53.525,FALSE,"60.1"
60,"60_12",-14.45,53.525,FALSE,"60.1"
60,"60_13",-14.425,53.525,FALSE,"60.1"
60,"60_14",-14.425,53.5,FALSE,"60.1"
60,"60_15",-14.425,53.475,FALSE,"60.1"
60,"60_16",-14.425,53.45,FALSE,"60.1"
60,"60_17",-14.425,53.425,FALSE,"60.1"
61,"61_1",-14.275,53.475,FALSE,"61.1"
61,"61_2",-14.3,53.475,FALSE,"61.1"
61,"61_3",-14.325,53.475,FALSE,"61.1"
61,"61_4",-14.35,53.475,FALSE,"61.1"
61,"61_5",-14.375,53.475,FALSE,"61.1"
61,"61_6",-14.375,53.5,FALSE,"61.1"
61,"61_7",-14.375,53.525,FALSE,"61.1"
61,"61_8",-14.375,53.55,FALSE,"61.1"
61,"61_9",-14.375,53.575,FALSE,"61.1"
61,"61_10",-14.375,53.6,FALSE,"61.1"
61,"61_11",-14.375,53.625,FALSE,"61.1"
61,"61_12",-14.35,53.625,FALSE,"61.1"
61,"61_13",-14.325,53.625,FALSE,"61.1"
61,"61_14",-14.3,53.625,FALSE,"61.1"
61,"61_15",-14.275,53.625,FALSE,"61.1"
61,"61_16",-14.275,53.6,FALSE,"61.1"
61,"61_17",-14.275,53.575,FALSE,"61.1"
61,"61_18",-14.275,53.55,FALSE,"61.1"
61,"61_19",-14.275,53.525,FALSE,"61.1"
61,"61_20",-14.275,53.5,FALSE,"61.1"
61,"61_21",-14.275,53.475,FALSE,"61.1"
62,"62_1",-12.175,53.975,FALSE,"62.1"
62,"62_2",-12.2,53.975,FALSE,"62.1"
62,"62_3",-12.225,53.975,FALSE,"62.1"
62,"62_4",-12.25,53.975,FALSE,"62.1"
62,"62_5",-12.275,53.975,FALSE,"62.1"
62,"62_6",-12.275,54,FALSE,"62.1"
62,"62_7",-12.275,54.025,FALSE,"62.1"
62,"62_8",-12.3,54.025,FALSE,"62.1"
62,"62_9",-12.325,54.025,FALSE,"62.1"
62,"62_10",-12.325,54.05,FALSE,"62.1"
62,"62_11",-12.325,54.075,FALSE,"62.1"
62,"62_12",-12.325,54.1,FALSE,"62.1"
62,"62_13",-12.325,54.125,FALSE,"62.1"
62,"62_14",-12.3,54.125,FALSE,"62.1"
62,"62_15",-12.275,54.125,FALSE,"62.1"
62,"62_16",-12.25,54.125,FALSE,"62.1"
62,"62_17",-12.225,54.125,FALSE,"62.1"
62,"62_18",-12.225,54.1,FALSE,"62.1"
62,"62_19",-12.225,54.075,FALSE,"62.1"
62,"62_20",-12.2,54.075,FALSE,"62.1"
62,"62_21",-12.175,54.075,FALSE,"62.1"
62,"62_22",-12.175,54.05,FALSE,"62.1"
62,"62_23",-12.175,54.025,FALSE,"62.1"
62,"62_24",-12.175,54,FALSE,"62.1"
62,"62_25",-12.175,53.975,FALSE,"62.1"
63,"63_1",-12.025,54.025,FALSE,"63.1"
63,"63_2",-12.025,54.05,FALSE,"63.1"
63,"63_3",-12.025,54.075,FALSE,"63.1"
63,"63_4",-12.025,54.1,FALSE,"63.1"
63,"63_5",-12.025,54.125,FALSE,"63.1"
63,"63_6",-12.025,54.15,FALSE,"63.1"
63,"63_7",-12.025,54.175,FALSE,"63.1"
63,"63_8",-12.025,54.2,FALSE,"63.1"
63,"63_9",-12.025,54.225,FALSE,"63.1"
63,"63_10",-12,54.225,FALSE,"63.1"
63,"63_11",-11.975,54.225,FALSE,"63.1"
63,"63_12",-11.975,54.25,FALSE,"63.1"
63,"63_13",-11.975,54.275,FALSE,"63.1"
63,"63_14",-11.975,54.3,FALSE,"63.1"
63,"63_15",-11.975,54.325,FALSE,"63.1"
63,"63_16",-11.95,54.325,FALSE,"63.1"
63,"63_17",-11.925,54.325,FALSE,"63.1"
63,"63_18",-11.9,54.325,FALSE,"63.1"
63,"63_19",-11.875,54.325,FALSE,"63.1"
63,"63_20",-11.875,54.3,FALSE,"63.1"
63,"63_21",-11.875,54.275,FALSE,"63.1"
63,"63_22",-11.85,54.275,FALSE,"63.1"
63,"63_23",-11.825,54.275,FALSE,"63.1"
63,"63_24",-11.825,54.25,FALSE,"63.1"
63,"63_25",-11.825,54.225,FALSE,"63.1"
63,"63_26",-11.825,54.2,FALSE,"63.1"
63,"63_27",-11.825,54.175,FALSE,"63.1"
63,"63_28",-11.85,54.175,FALSE,"63.1"
63,"63_29",-11.875,54.175,FALSE,"63.1"
63,"63_30",-11.9,54.175,FALSE,"63.1"
63,"63_31",-11.925,54.175,FALSE,"63.1"
63,"63_32",-11.925,54.15,FALSE,"63.1"
63,"63_33",-11.925,54.125,FALSE,"63.1"
63,"63_34",-11.925,54.1,FALSE,"63.1"
63,"63_35",-11.925,54.075,FALSE,"63.1"
63,"63_36",-11.925,54.05,FALSE,"63.1"
63,"63_37",-11.925,54.025,FALSE,"63.1"
63,"63_38",-11.95,54.025,FALSE,"63.1"
63,"63_39",-11.975,54.025,FALSE,"63.1"
63,"63_40",-12,54.025,FALSE,"63.1"
63,"63_41",-12.025,54.025,FALSE,"63.1"
64,"64_1",-12.525,53.925,FALSE,"64.1"
64,"64_2",-12.55,53.925,FALSE,"64.1"
64,"64_3",-12.575,53.925,FALSE,"64.1"
64,"64_4",-12.6,53.925,FALSE,"64.1"
64,"64_5",-12.625,53.925,FALSE,"64.1"
64,"64_6",-12.625,53.95,FALSE,"64.1"
64,"64_7",-12.625,53.975,FALSE,"64.1"
64,"64_8",-12.65,53.975,FALSE,"64.1"
64,"64_9",-12.675,53.975,FALSE,"64.1"
64,"64_10",-12.7,53.975,FALSE,"64.1"
64,"64_11",-12.725,53.975,FALSE,"64.1"
64,"64_12",-12.725,54,FALSE,"64.1"
64,"64_13",-12.725,54.025,FALSE,"64.1"
64,"64_14",-12.725,54.05,FALSE,"64.1"
64,"64_15",-12.725,54.075,FALSE,"64.1"
64,"64_16",-12.7,54.075,FALSE,"64.1"
64,"64_17",-12.675,54.075,FALSE,"64.1"
64,"64_18",-12.675,54.1,FALSE,"64.1"
64,"64_19",-12.675,54.125,FALSE,"64.1"
64,"64_20",-12.65,54.125,FALSE,"64.1"
64,"64_21",-12.625,54.125,FALSE,"64.1"
64,"64_22",-12.6,54.125,FALSE,"64.1"
64,"64_23",-12.575,54.125,FALSE,"64.1"
64,"64_24",-12.55,54.125,FALSE,"64.1"
64,"64_25",-12.525,54.125,FALSE,"64.1"
64,"64_26",-12.525,54.15,FALSE,"64.1"
64,"64_27",-12.525,54.175,FALSE,"64.1"
64,"64_28",-12.5,54.175,FALSE,"64.1"
64,"64_29",-12.475,54.175,FALSE,"64.1"
64,"64_30",-12.475,54.2,FALSE,"64.1"
64,"64_31",-12.475,54.225,FALSE,"64.1"
64,"64_32",-12.45,54.225,FALSE,"64.1"
64,"64_33",-12.425,54.225,FALSE,"64.1"
64,"64_34",-12.4,54.225,FALSE,"64.1"
64,"64_35",-12.375,54.225,FALSE,"64.1"
64,"64_36",-12.375,54.2,FALSE,"64.1"
64,"64_37",-12.375,54.175,FALSE,"64.1"
64,"64_38",-12.375,54.15,FALSE,"64.1"
64,"64_39",-12.375,54.125,FALSE,"64.1"
64,"64_40",-12.4,54.125,FALSE,"64.1"
64,"64_41",-12.425,54.125,FALSE,"64.1"
64,"64_42",-12.425,54.1,FALSE,"64.1"
64,"64_43",-12.425,54.075,FALSE,"64.1"
64,"64_44",-12.45,54.075,FALSE,"64.1"
64,"64_45",-12.475,54.075,FALSE,"64.1"
64,"64_46",-12.475,54.05,FALSE,"64.1"
64,"64_47",-12.475,54.025,FALSE,"64.1"
64,"64_48",-12.5,54.025,FALSE,"64.1"
64,"64_49",-12.525,54.025,FALSE,"64.1"
64,"64_50",-12.525,54,FALSE,"64.1"
64,"64_51",-12.525,53.975,FALSE,"64.1"
64,"64_52",-12.525,53.95,FALSE,"64.1"
64,"64_53",-12.525,53.925,FALSE,"64.1"
65,"65_1",-14.075,53.625,FALSE,"65.1"
65,"65_2",-14.1,53.625,FALSE,"65.1"
65,"65_3",-14.125,53.625,FALSE,"65.1"
65,"65_4",-14.15,53.625,FALSE,"65.1"
65,"65_5",-14.175,53.625,FALSE,"65.1"
65,"65_6",-14.175,53.65,FALSE,"65.1"
65,"65_7",-14.175,53.675,FALSE,"65.1"
65,"65_8",-14.175,53.7,FALSE,"65.1"
65,"65_9",-14.175,53.725,FALSE,"65.1"
65,"65_10",-14.15,53.725,FALSE,"65.1"
65,"65_11",-14.125,53.725,FALSE,"65.1"
65,"65_12",-14.1,53.725,FALSE,"65.1"
65,"65_13",-14.075,53.725,FALSE,"65.1"
65,"65_14",-14.075,53.7,FALSE,"65.1"
65,"65_15",-14.075,53.675,FALSE,"65.1"
65,"65_16",-14.075,53.65,FALSE,"65.1"
65,"65_17",-14.075,53.625,FALSE,"65.1"
66,"66_1",-13.025,53.875,FALSE,"66.1"
66,"66_2",-13.05,53.875,FALSE,"66.1"
66,"66_3",-13.075,53.875,FALSE,"66.1"
66,"66_4",-13.075,53.9,FALSE,"66.1"
66,"66_5",-13.075,53.925,FALSE,"66.1"
66,"66_6",-13.075,53.95,FALSE,"66.1"
66,"66_7",-13.075,53.975,FALSE,"66.1"
66,"66_8",-13.05,53.975,FALSE,"66.1"
66,"66_9",-13.025,53.975,FALSE,"66.1"
66,"66_10",-13,53.975,FALSE,"66.1"
66,"66_11",-12.975,53.975,FALSE,"66.1"
66,"66_12",-12.975,53.95,FALSE,"66.1"
66,"66_13",-12.975,53.925,FALSE,"66.1"
66,"66_14",-12.975,53.9,FALSE,"66.1"
66,"66_15",-12.975,53.875,FALSE,"66.1"
66,"66_16",-13,53.875,FALSE,"66.1"
66,"66_17",-13.025,53.875,FALSE,"66.1"
67,"67_1",-13.925,53.725,FALSE,"67.1"
67,"67_2",-13.95,53.725,FALSE,"67.1"
67,"67_3",-13.975,53.725,FALSE,"67.1"
67,"67_4",-14,53.725,FALSE,"67.1"
67,"67_5",-14.025,53.725,FALSE,"67.1"
67,"67_6",-14.025,53.75,FALSE,"67.1"
67,"67_7",-14.025,53.775,FALSE,"67.1"
67,"67_8",-14.025,53.8,FALSE,"67.1"
67,"67_9",-14.025,53.825,FALSE,"67.1"
67,"67_10",-14,53.825,FALSE,"67.1"
67,"67_11",-13.975,53.825,FALSE,"67.1"
67,"67_12",-13.95,53.825,FALSE,"67.1"
67,"67_13",-13.925,53.825,FALSE,"67.1"
67,"67_14",-13.925,53.8,FALSE,"67.1"
67,"67_15",-13.925,53.775,FALSE,"67.1"
67,"67_16",-13.925,53.75,FALSE,"67.1"
67,"67_17",-13.925,53.725,FALSE,"67.1"
68,"68_1",-11.625,54.225,FALSE,"68.1"
68,"68_2",-11.625,54.25,FALSE,"68.1"
68,"68_3",-11.625,54.275,FALSE,"68.1"
68,"68_4",-11.625,54.3,FALSE,"68.1"
68,"68_5",-11.625,54.325,FALSE,"68.1"
68,"68_6",-11.625,54.35,FALSE,"68.1"
68,"68_7",-11.625,54.375,FALSE,"68.1"
68,"68_8",-11.625,54.4,FALSE,"68.1"
68,"68_9",-11.625,54.425,FALSE,"68.1"
68,"68_10",-11.6,54.425,FALSE,"68.1"
68,"68_11",-11.575,54.425,FALSE,"68.1"
68,"68_12",-11.575,54.45,FALSE,"68.1"
68,"68_13",-11.575,54.475,FALSE,"68.1"
68,"68_14",-11.55,54.475,FALSE,"68.1"
68,"68_15",-11.525,54.475,FALSE,"68.1"
68,"68_16",-11.5,54.475,FALSE,"68.1"
68,"68_17",-11.475,54.475,FALSE,"68.1"
68,"68_18",-11.475,54.45,FALSE,"68.1"
68,"68_19",-11.475,54.425,FALSE,"68.1"
68,"68_20",-11.475,54.4,FALSE,"68.1"
68,"68_21",-11.475,54.375,FALSE,"68.1"
68,"68_22",-11.5,54.375,FALSE,"68.1"
68,"68_23",-11.525,54.375,FALSE,"68.1"
68,"68_24",-11.525,54.35,FALSE,"68.1"
68,"68_25",-11.525,54.325,FALSE,"68.1"
68,"68_26",-11.525,54.3,FALSE,"68.1"
68,"68_27",-11.525,54.275,FALSE,"68.1"
68,"68_28",-11.525,54.25,FALSE,"68.1"
68,"68_29",-11.525,54.225,FALSE,"68.1"
68,"68_30",-11.55,54.225,FALSE,"68.1"
68,"68_31",-11.575,54.225,FALSE,"68.1"
68,"68_32",-11.6,54.225,FALSE,"68.1"
68,"68_33",-11.625,54.225,FALSE,"68.1"
69,"69_1",-10.8,54.625,FALSE,"69.1"
69,"69_2",-10.825,54.625,FALSE,"69.1"
69,"69_3",-10.825,54.65,FALSE,"69.1"
69,"69_4",-10.825,54.675,FALSE,"69.1"
69,"69_5",-10.825,54.7,FALSE,"69.1"
69,"69_6",-10.825,54.725,FALSE,"69.1"
69,"69_7",-10.85,54.725,FALSE,"69.1"
69,"69_8",-10.875,54.725,FALSE,"69.1"
69,"69_9",-10.875,54.75,FALSE,"69.1"
69,"69_10",-10.875,54.775,FALSE,"69.1"
69,"69_11",-10.875,54.8,FALSE,"69.1"
69,"69_12",-10.875,54.825,FALSE,"69.1"
69,"69_13",-10.85,54.825,FALSE,"69.1"
69,"69_14",-10.825,54.825,FALSE,"69.1"
69,"69_15",-10.825,54.85,FALSE,"69.1"
69,"69_16",-10.825,54.875,FALSE,"69.1"
69,"69_17",-10.825,54.9,FALSE,"69.1"
69,"69_18",-10.825,54.925,FALSE,"69.1"
69,"69_19",-10.8,54.925,FALSE,"69.1"
69,"69_20",-10.775,54.925,FALSE,"69.1"
69,"69_21",-10.75,54.925,FALSE,"69.1"
69,"69_22",-10.725,54.925,FALSE,"69.1"
69,"69_23",-10.725,54.95,FALSE,"69.1"
69,"69_24",-10.725,54.975,FALSE,"69.1"
69,"69_25",-10.7,54.975,FALSE,"69.1"
69,"69_26",-10.675,54.975,FALSE,"69.1"
69,"69_27",-10.675,55,FALSE,"69.1"
69,"69_28",-10.675,55.025,FALSE,"69.1"
69,"69_29",-10.675,55.05,FALSE,"69.1"
69,"69_30",-10.675,55.075,FALSE,"69.1"
69,"69_31",-10.65,55.075,FALSE,"69.1"
69,"69_32",-10.625,55.075,FALSE,"69.1"
69,"69_33",-10.6,55.075,FALSE,"69.1"
69,"69_34",-10.575,55.075,FALSE,"69.1"
69,"69_35",-10.55,55.075,FALSE,"69.1"
69,"69_36",-10.525,55.075,FALSE,"69.1"
69,"69_37",-10.5,55.075,FALSE,"69.1"
69,"69_38",-10.475,55.075,FALSE,"69.1"
69,"69_39",-10.475,55.05,FALSE,"69.1"
69,"69_40",-10.475,55.025,FALSE,"69.1"
69,"69_41",-10.45,55.025,FALSE,"69.1"
69,"69_42",-10.425,55.025,FALSE,"69.1"
69,"69_43",-10.425,55,FALSE,"69.1"
69,"69_44",-10.425,54.975,FALSE,"69.1"
69,"69_45",-10.425,54.95,FALSE,"69.1"
69,"69_46",-10.425,54.925,FALSE,"69.1"
69,"69_47",-10.45,54.925,FALSE,"69.1"
69,"69_48",-10.475,54.925,FALSE,"69.1"
69,"69_49",-10.475,54.9,FALSE,"69.1"
69,"69_50",-10.475,54.875,FALSE,"69.1"
69,"69_51",-10.5,54.875,FALSE,"69.1"
69,"69_52",-10.525,54.875,FALSE,"69.1"
69,"69_53",-10.55,54.875,FALSE,"69.1"
69,"69_54",-10.575,54.875,FALSE,"69.1"
69,"69_55",-10.575,54.9,FALSE,"69.1"
69,"69_56",-10.575,54.925,FALSE,"69.1"
69,"69_57",-10.6,54.925,FALSE,"69.1"
69,"69_58",-10.625,54.925,FALSE,"69.1"
69,"69_59",-10.625,54.9,FALSE,"69.1"
69,"69_60",-10.625,54.875,FALSE,"69.1"
69,"69_61",-10.65,54.875,FALSE,"69.1"
69,"69_62",-10.675,54.875,FALSE,"69.1"
69,"69_63",-10.7,54.875,FALSE,"69.1"
69,"69_64",-10.725,54.875,FALSE,"69.1"
69,"69_65",-10.725,54.85,FALSE,"69.1"
69,"69_66",-10.725,54.825,FALSE,"69.1"
69,"69_67",-10.75,54.825,FALSE,"69.1"
69,"69_68",-10.775,54.825,FALSE,"69.1"
69,"69_69",-10.775,54.8,FALSE,"69.1"
69,"69_70",-10.775,54.775,FALSE,"69.1"
69,"69_71",-10.775,54.75,FALSE,"69.1"
69,"69_72",-10.775,54.725,FALSE,"69.1"
69,"69_73",-10.75,54.725,FALSE,"69.1"
69,"69_74",-10.725,54.725,FALSE,"69.1"
69,"69_75",-10.725,54.7,FALSE,"69.1"
69,"69_76",-10.725,54.675,FALSE,"69.1"
69,"69_77",-10.725,54.65,FALSE,"69.1"
69,"69_78",-10.725,54.625,FALSE,"69.1"
69,"69_79",-10.75,54.625,FALSE,"69.1"
69,"69_80",-10.775,54.625,FALSE,"69.1"
69,"69_81",-10.8,54.625,FALSE,"69.1"
70,"70_1",-10.225,54.975,FALSE,"70.1"
70,"70_2",-10.25,54.975,FALSE,"70.1"
70,"70_3",-10.275,54.975,FALSE,"70.1"
70,"70_4",-10.3,54.975,FALSE,"70.1"
70,"70_5",-10.325,54.975,FALSE,"70.1"
70,"70_6",-10.325,55,FALSE,"70.1"
70,"70_7",-10.325,55.025,FALSE,"70.1"
70,"70_8",-10.325,55.05,FALSE,"70.1"
70,"70_9",-10.325,55.075,FALSE,"70.1"
70,"70_10",-10.3,55.075,FALSE,"70.1"
70,"70_11",-10.275,55.075,FALSE,"70.1"
70,"70_12",-10.25,55.075,FALSE,"70.1"
70,"70_13",-10.225,55.075,FALSE,"70.1"
70,"70_14",-10.225,55.05,FALSE,"70.1"
70,"70_15",-10.225,55.025,FALSE,"70.1"
70,"70_16",-10.225,55,FALSE,"70.1"
70,"70_17",-10.225,54.975,FALSE,"70.1"
71,"71_1",-10.025,55.025,FALSE,"71.1"
71,"71_2",-10.05,55.025,FALSE,"71.1"
71,"71_3",-10.075,55.025,FALSE,"71.1"
71,"71_4",-10.1,55.025,FALSE,"71.1"
71,"71_5",-10.125,55.025,FALSE,"71.1"
71,"71_6",-10.125,55.05,FALSE,"71.1"
71,"71_7",-10.125,55.075,FALSE,"71.1"
71,"71_8",-10.15,55.075,FALSE,"71.1"
71,"71_9",-10.175,55.075,FALSE,"71.1"
71,"71_10",-10.175,55.1,FALSE,"71.1"
71,"71_11",-10.175,55.125,FALSE,"71.1"
71,"71_12",-10.2,55.125,FALSE,"71.1"
71,"71_13",-10.225,55.125,FALSE,"71.1"
71,"71_14",-10.25,55.125,FALSE,"71.1"
71,"71_15",-10.275,55.125,FALSE,"71.1"
71,"71_16",-10.3,55.125,FALSE,"71.1"
71,"71_17",-10.325,55.125,FALSE,"71.1"
71,"71_18",-10.325,55.15,FALSE,"71.1"
71,"71_19",-10.325,55.175,FALSE,"71.1"
71,"71_20",-10.35,55.175,FALSE,"71.1"
71,"71_21",-10.375,55.175,FALSE,"71.1"
71,"71_22",-10.4,55.175,FALSE,"71.1"
71,"71_23",-10.425,55.175,FALSE,"71.1"
71,"71_24",-10.45,55.175,FALSE,"71.1"
71,"71_25",-10.475,55.175,FALSE,"71.1"
71,"71_26",-10.475,55.2,FALSE,"71.1"
71,"71_27",-10.475,55.225,FALSE,"71.1"
71,"71_28",-10.475,55.25,FALSE,"71.1"
71,"71_29",-10.475,55.275,FALSE,"71.1"
71,"71_30",-10.45,55.275,FALSE,"71.1"
71,"71_31",-10.425,55.275,FALSE,"71.1"
71,"71_32",-10.4,55.275,FALSE,"71.1"
71,"71_33",-10.375,55.275,FALSE,"71.1"
71,"71_34",-10.375,55.3,FALSE,"71.1"
71,"71_35",-10.375,55.325,FALSE,"71.1"
71,"71_36",-10.35,55.325,FALSE,"71.1"
71,"71_37",-10.325,55.325,FALSE,"71.1"
71,"71_38",-10.3,55.325,FALSE,"71.1"
71,"71_39",-10.275,55.325,FALSE,"71.1"
71,"71_40",-10.275,55.3,FALSE,"71.1"
71,"71_41",-10.275,55.275,FALSE,"71.1"
71,"71_42",-10.275,55.25,FALSE,"71.1"
71,"71_43",-10.275,55.225,FALSE,"71.1"
71,"71_44",-10.25,55.225,FALSE,"71.1"
71,"71_45",-10.225,55.225,FALSE,"71.1"
71,"71_46",-10.225,55.25,FALSE,"71.1"
71,"71_47",-10.225,55.275,FALSE,"71.1"
71,"71_48",-10.225,55.3,FALSE,"71.1"
71,"71_49",-10.225,55.325,FALSE,"71.1"
71,"71_50",-10.225,55.35,FALSE,"71.1"
71,"71_51",-10.225,55.375,FALSE,"71.1"
71,"71_52",-10.225,55.4,FALSE,"71.1"
71,"71_53",-10.225,55.425,FALSE,"71.1"
71,"71_54",-10.2,55.425,FALSE,"71.1"
71,"71_55",-10.175,55.425,FALSE,"71.1"
71,"71_56",-10.15,55.425,FALSE,"71.1"
71,"71_57",-10.125,55.425,FALSE,"71.1"
71,"71_58",-10.125,55.4,FALSE,"71.1"
71,"71_59",-10.125,55.375,FALSE,"71.1"
71,"71_60",-10.125,55.35,FALSE,"71.1"
71,"71_61",-10.125,55.325,FALSE,"71.1"
71,"71_62",-10.125,55.3,FALSE,"71.1"
71,"71_63",-10.125,55.275,FALSE,"71.1"
71,"71_64",-10.1,55.275,FALSE,"71.1"
71,"71_65",-10.075,55.275,FALSE,"71.1"
71,"71_66",-10.05,55.275,FALSE,"71.1"
71,"71_67",-10.025,55.275,FALSE,"71.1"
71,"71_68",-10.025,55.25,FALSE,"71.1"
71,"71_69",-10.025,55.225,FALSE,"71.1"
71,"71_70",-10.025,55.2,FALSE,"71.1"
71,"71_71",-10.025,55.175,FALSE,"71.1"
71,"71_72",-10.05,55.175,FALSE,"71.1"
71,"71_73",-10.075,55.175,FALSE,"71.1"
71,"71_74",-10.075,55.15,FALSE,"71.1"
71,"71_75",-10.075,55.125,FALSE,"71.1"
71,"71_76",-10.05,55.125,FALSE,"71.1"
71,"71_77",-10.025,55.125,FALSE,"71.1"
71,"71_78",-10.025,55.1,FALSE,"71.1"
71,"71_79",-10.025,55.075,FALSE,"71.1"
71,"71_80",-10.025,55.05,FALSE,"71.1"
71,"71_81",-10.025,55.025,FALSE,"71.1"
72,"72_1",-9.475,55.425,FALSE,"72.1"
72,"72_2",-9.5,55.425,FALSE,"72.1"
72,"72_3",-9.525,55.425,FALSE,"72.1"
72,"72_4",-9.55,55.425,FALSE,"72.1"
72,"72_5",-9.575,55.425,FALSE,"72.1"
72,"72_6",-9.575,55.45,FALSE,"72.1"
72,"72_7",-9.575,55.475,FALSE,"72.1"
72,"72_8",-9.575,55.5,FALSE,"72.1"
72,"72_9",-9.575,55.525,FALSE,"72.1"
72,"72_10",-9.6,55.525,FALSE,"72.1"
72,"72_11",-9.625,55.525,FALSE,"72.1"
72,"72_12",-9.625,55.55,FALSE,"72.1"
72,"72_13",-9.625,55.575,FALSE,"72.1"
72,"72_14",-9.65,55.575,FALSE,"72.1"
72,"72_15",-9.675,55.575,FALSE,"72.1"
72,"72_16",-9.675,55.6,FALSE,"72.1"
72,"72_17",-9.675,55.625,FALSE,"72.1"
72,"72_18",-9.675,55.65,FALSE,"72.1"
72,"72_19",-9.675,55.675,FALSE,"72.1"
72,"72_20",-9.65,55.675,FALSE,"72.1"
72,"72_21",-9.625,55.675,FALSE,"72.1"
72,"72_22",-9.6,55.675,FALSE,"72.1"
72,"72_23",-9.575,55.675,FALSE,"72.1"
72,"72_24",-9.575,55.7,FALSE,"72.1"
72,"72_25",-9.575,55.725,FALSE,"72.1"
72,"72_26",-9.55,55.725,FALSE,"72.1"
72,"72_27",-9.525,55.725,FALSE,"72.1"
72,"72_28",-9.5,55.725,FALSE,"72.1"
72,"72_29",-9.475,55.725,FALSE,"72.1"
72,"72_30",-9.475,55.7,FALSE,"72.1"
72,"72_31",-9.475,55.675,FALSE,"72.1"
72,"72_32",-9.475,55.65,FALSE,"72.1"
72,"72_33",-9.475,55.625,FALSE,"72.1"
72,"72_34",-9.475,55.6,FALSE,"72.1"
72,"72_35",-9.475,55.575,FALSE,"72.1"
72,"72_36",-9.45,55.575,FALSE,"72.1"
72,"72_37",-9.425,55.575,FALSE,"72.1"
72,"72_38",-9.425,55.55,FALSE,"72.1"
72,"72_39",-9.425,55.525,FALSE,"72.1"
72,"72_40",-9.425,55.5,FALSE,"72.1"
72,"72_41",-9.425,55.475,FALSE,"72.1"
72,"72_42",-9.45,55.475,FALSE,"72.1"
72,"72_43",-9.475,55.475,FALSE,"72.1"
72,"72_44",-9.475,55.45,FALSE,"72.1"
72,"72_45",-9.475,55.425,FALSE,"72.1"
73,"73_1",-9.875,55.425,FALSE,"73.1"
73,"73_2",-9.9,55.425,FALSE,"73.1"
73,"73_3",-9.925,55.425,FALSE,"73.1"
73,"73_4",-9.95,55.425,FALSE,"73.1"
73,"73_5",-9.975,55.425,FALSE,"73.1"
73,"73_6",-9.975,55.45,FALSE,"73.1"
73,"73_7",-9.975,55.475,FALSE,"73.1"
73,"73_8",-9.975,55.5,FALSE,"73.1"
73,"73_9",-9.975,55.525,FALSE,"73.1"
73,"73_10",-9.975,55.55,FALSE,"73.1"
73,"73_11",-9.975,55.575,FALSE,"73.1"
73,"73_12",-9.975,55.6,FALSE,"73.1"
73,"73_13",-9.975,55.625,FALSE,"73.1"
73,"73_14",-9.95,55.625,FALSE,"73.1"
73,"73_15",-9.925,55.625,FALSE,"73.1"
73,"73_16",-9.9,55.625,FALSE,"73.1"
73,"73_17",-9.875,55.625,FALSE,"73.1"
73,"73_18",-9.875,55.6,FALSE,"73.1"
73,"73_19",-9.875,55.575,FALSE,"73.1"
73,"73_20",-9.875,55.55,FALSE,"73.1"
73,"73_21",-9.875,55.525,FALSE,"73.1"
73,"73_22",-9.875,55.5,FALSE,"73.1"
73,"73_23",-9.875,55.475,FALSE,"73.1"
73,"73_24",-9.875,55.45,FALSE,"73.1"
73,"73_25",-9.875,55.425,FALSE,"73.1"
74,"74_1",-9.275,55.725,FALSE,"74.1"
74,"74_2",-9.3,55.725,FALSE,"74.1"
74,"74_3",-9.325,55.725,FALSE,"74.1"
74,"74_4",-9.35,55.725,FALSE,"74.1"
74,"74_5",-9.375,55.725,FALSE,"74.1"
74,"74_6",-9.375,55.75,FALSE,"74.1"
74,"74_7",-9.375,55.775,FALSE,"74.1"
74,"74_8",-9.4,55.775,FALSE,"74.1"
74,"74_9",-9.425,55.775,FALSE,"74.1"
74,"74_10",-9.425,55.8,FALSE,"74.1"
74,"74_11",-9.425,55.825,FALSE,"74.1"
74,"74_12",-9.425,55.85,FALSE,"74.1"
74,"74_13",-9.425,55.875,FALSE,"74.1"
74,"74_14",-9.4,55.875,FALSE,"74.1"
74,"74_15",-9.375,55.875,FALSE,"74.1"
74,"74_16",-9.35,55.875,FALSE,"74.1"
74,"74_17",-9.325,55.875,FALSE,"74.1"
74,"74_18",-9.325,55.85,FALSE,"74.1"
74,"74_19",-9.325,55.825,FALSE,"74.1"
74,"74_20",-9.3,55.825,FALSE,"74.1"
74,"74_21",-9.275,55.825,FALSE,"74.1"
74,"74_22",-9.275,55.8,FALSE,"74.1"
74,"74_23",-9.275,55.775,FALSE,"74.1"
74,"74_24",-9.275,55.75,FALSE,"74.1"
74,"74_25",-9.275,55.725,FALSE,"74.1"
75,"75_1",-9.275,56.2,FALSE,"75.1"
75,"75_2",-9.275,56.225,FALSE,"75.1"
75,"75_3",-9.275,56.25,FALSE,"75.1"
75,"75_4",-9.275,56.275,FALSE,"75.1"
75,"75_5",-9.25,56.275,FALSE,"75.1"
75,"75_6",-9.225,56.275,FALSE,"75.1"
75,"75_7",-9.2,56.275,FALSE,"75.1"
75,"75_8",-9.175,56.275,FALSE,"75.1"
75,"75_9",-9.15,56.275,FALSE,"75.1"
75,"75_10",-9.125,56.275,FALSE,"75.1"
75,"75_11",-9.125,56.25,FALSE,"75.1"
75,"75_12",-9.125,56.225,FALSE,"75.1"
75,"75_13",-9.125,56.2,FALSE,"75.1"
75,"75_14",-9.125,56.175,FALSE,"75.1"
75,"75_15",-9.125,56.15,FALSE,"75.1"
75,"75_16",-9.125,56.125,FALSE,"75.1"
75,"75_17",-9.15,56.125,FALSE,"75.1"
75,"75_18",-9.175,56.125,FALSE,"75.1"
75,"75_19",-9.2,56.125,FALSE,"75.1"
75,"75_20",-9.225,56.125,FALSE,"75.1"
75,"75_21",-9.225,56.15,FALSE,"75.1"
75,"75_22",-9.225,56.175,FALSE,"75.1"
75,"75_23",-9.25,56.175,FALSE,"75.1"
75,"75_24",-9.275,56.175,FALSE,"75.1"
75,"75_25",-9.275,56.15,FALSE,"75.1"
75,"75_26",-9.275,56.125,FALSE,"75.1"
75,"75_27",-9.275,56.1,FALSE,"75.1"
75,"75_28",-9.275,56.075,FALSE,"75.1"
75,"75_29",-9.3,56.075,FALSE,"75.1"
75,"75_30",-9.325,56.075,FALSE,"75.1"
75,"75_31",-9.35,56.075,FALSE,"75.1"
75,"75_32",-9.375,56.075,FALSE,"75.1"
75,"75_33",-9.375,56.05,FALSE,"75.1"
75,"75_34",-9.375,56.025,FALSE,"75.1"
75,"75_35",-9.4,56.025,FALSE,"75.1"
75,"75_36",-9.425,56.025,FALSE,"75.1"
75,"75_37",-9.45,56.025,FALSE,"75.1"
75,"75_38",-9.475,56.025,FALSE,"75.1"
75,"75_39",-9.475,56.05,FALSE,"75.1"
75,"75_40",-9.475,56.075,FALSE,"75.1"
75,"75_41",-9.475,56.1,FALSE,"75.1"
75,"75_42",-9.475,56.125,FALSE,"75.1"
75,"75_43",-9.45,56.125,FALSE,"75.1"
75,"75_44",-9.425,56.125,FALSE,"75.1"
75,"75_45",-9.425,56.15,FALSE,"75.1"
75,"75_46",-9.425,56.175,FALSE,"75.1"
75,"75_47",-9.45,56.175,FALSE,"75.1"
75,"75_48",-9.475,56.175,FALSE,"75.1"
75,"75_49",-9.5,56.175,FALSE,"75.1"
75,"75_50",-9.525,56.175,FALSE,"75.1"
75,"75_51",-9.525,56.2,FALSE,"75.1"
75,"75_52",-9.525,56.225,FALSE,"75.1"
75,"75_53",-9.525,56.25,FALSE,"75.1"
75,"75_54",-9.525,56.275,FALSE,"75.1"
75,"75_55",-9.5,56.275,FALSE,"75.1"
75,"75_56",-9.475,56.275,FALSE,"75.1"
75,"75_57",-9.45,56.275,FALSE,"75.1"
75,"75_58",-9.425,56.275,FALSE,"75.1"
75,"75_59",-9.4,56.275,FALSE,"75.1"
75,"75_60",-9.375,56.275,FALSE,"75.1"
75,"75_61",-9.35,56.275,FALSE,"75.1"
75,"75_62",-9.325,56.275,FALSE,"75.1"
75,"75_63",-9.325,56.25,FALSE,"75.1"
75,"75_64",-9.325,56.225,FALSE,"75.1"
75,"75_65",-9.325,56.2,FALSE,"75.1"
75,"75_66",-9.325,56.175,FALSE,"75.1"
75,"75_67",-9.3,56.175,FALSE,"75.1"
75,"75_68",-9.275,56.175,FALSE,"75.1"
75,"75_69",-9.275,56.2,FALSE,"75.1"
77,"77_1",-15.5448,55.4754,FALSE,"77.1"
77,"77_2",-15.5407,55.4809,FALSE,"77.1"
77,"77_3",-15.5396,55.4823,FALSE,"77.1"
77,"77_4",-15.5376,55.4851,FALSE,"77.1"
77,"77_5",-15.5365,55.4865,FALSE,"77.1"
77,"77_6",-15.5283,55.4974,FALSE,"77.1"
77,"77_7",-15.5272,55.4988,FALSE,"77.1"
77,"77_8",-15.5252,55.5015,FALSE,"77.1"
77,"77_9",-15.5241,55.5029,FALSE,"77.1"
77,"77_10",-15.5199,55.5084,FALSE,"77.1"
77,"77_11",-15.5189,55.5097,FALSE,"77.1"
77,"77_12",-15.5168,55.5125,FALSE,"77.1"
77,"77_13",-15.5157,55.5138,FALSE,"77.1"
77,"77_14",-15.5073,55.5248,FALSE,"77.1"
77,"77_15",-15.5062,55.5261,FALSE,"77.1"
77,"77_16",-15.5041,55.5288,FALSE,"77.1"
77,"77_17",-15.503,55.5302,FALSE,"77.1"
77,"77_18",-15.4988,55.5357,FALSE,"77.1"
77,"77_19",-15.4977,55.537,FALSE,"77.1"
77,"77_20",-15.4955,55.5397,FALSE,"77.1"
77,"77_21",-15.4945,55.5411,FALSE,"77.1"
77,"77_22",-15.4858,55.552,FALSE,"77.1"
77,"77_23",-15.4847,55.5533,FALSE,"77.1"
77,"77_24",-15.4826,55.5561,FALSE,"77.1"
77,"77_25",-15.4815,55.5574,FALSE,"77.1"
77,"77_26",-15.4771,55.5628,FALSE,"77.1"
77,"77_27",-15.476,55.5642,FALSE,"77.1"
77,"77_28",-15.4738,55.5669,FALSE,"77.1"
77,"77_29",-15.4727,55.5683,FALSE,"77.1"
77,"77_30",-15.4639,55.5791,FALSE,"77.1"
77,"77_31",-15.4628,55.5804,FALSE,"77.1"
77,"77_32",-15.4606,55.5832,FALSE,"77.1"
77,"77_33",-15.4595,55.5845,FALSE,"77.1"
77,"77_34",-15.455,55.5899,FALSE,"77.1"
77,"77_35",-15.4539,55.5913,FALSE,"77.1"
77,"77_36",-15.4517,55.594,FALSE,"77.1"
77,"77_37",-15.4505,55.5953,FALSE,"77.1"
77,"77_38",-15.4415,55.6061,FALSE,"77.1"
77,"77_39",-15.4403,55.6076,FALSE,"77.1"
77,"77_40",-15.4378,55.6106,FALSE,"77.1"
77,"77_41",-15.4365,55.6121,FALSE,"77.1"
77,"77_42",-15.4315,55.618,FALSE,"77.1"
77,"77_43",-15.4302,55.6195,FALSE,"77.1"
77,"77_44",-15.4277,55.6225,FALSE,"77.1"
77,"77_45",-15.4264,55.624,FALSE,"77.1"
77,"77_46",-15.4255,55.625,FALSE,"77.1"
77,"77_47",-15.425,55.625,FALSE,"77.1"
77,"77_48",-15.4,55.625,FALSE,"77.1"
77,"77_49",-15.375,55.625,FALSE,"77.1"
77,"77_50",-15.375,55.65,FALSE,"77.1"
77,"77_51",-15.375,55.675,FALSE,"77.1"
77,"77_52",-15.35,55.675,FALSE,"77.1"
77,"77_53",-15.325,55.675,FALSE,"77.1"
77,"77_54",-15.325,55.7,FALSE,"77.1"
77,"77_55",-15.325,55.725,FALSE,"77.1"
77,"77_56",-15.3,55.725,FALSE,"77.1"
77,"77_57",-15.275,55.725,FALSE,"77.1"
77,"77_58",-15.25,55.725,FALSE,"77.1"
77,"77_59",-15.225,55.725,FALSE,"77.1"
77,"77_60",-15.225,55.7,FALSE,"77.1"
77,"77_61",-15.225,55.675,FALSE,"77.1"
77,"77_62",-15.225,55.65,FALSE,"77.1"
77,"77_63",-15.225,55.625,FALSE,"77.1"
77,"77_64",-15.225,55.6,FALSE,"77.1"
77,"77_65",-15.225,55.575,FALSE,"77.1"
77,"77_66",-15.225,55.55,FALSE,"77.1"
77,"77_67",-15.225,55.525,FALSE,"77.1"
77,"77_68",-15.25,55.525,FALSE,"77.1"
77,"77_69",-15.275,55.525,FALSE,"77.1"
77,"77_70",-15.3,55.525,FALSE,"77.1"
77,"77_71",-15.325,55.525,FALSE,"77.1"
77,"77_72",-15.325,55.55,FALSE,"77.1"
77,"77_73",-15.325,55.575,FALSE,"77.1"
77,"77_74",-15.35,55.575,FALSE,"77.1"
77,"77_75",-15.375,55.575,FALSE,"77.1"
77,"77_76",-15.375,55.55,FALSE,"77.1"
77,"77_77",-15.375,55.525,FALSE,"77.1"
77,"77_78",-15.4,55.525,FALSE,"77.1"
77,"77_79",-15.425,55.525,FALSE,"77.1"
77,"77_80",-15.45,55.525,FALSE,"77.1"
77,"77_81",-15.475,55.525,FALSE,"77.1"
77,"77_82",-15.475,55.5,FALSE,"77.1"
77,"77_83",-15.475,55.475,FALSE,"77.1"
77,"77_84",-15.5,55.475,FALSE,"77.1"
77,"77_85",-15.525,55.475,FALSE,"77.1"
77,"77_86",-15.5451,55.475,FALSE,"77.1"
77,"77_87",-15.5448,55.4754,FALSE,"77.1"
78,"78_1",-14.775,55.675,FALSE,"78.1"
78,"78_2",-14.8,55.675,FALSE,"78.1"
78,"78_3",-14.825,55.675,FALSE,"78.1"
78,"78_4",-14.85,55.675,FALSE,"78.1"
78,"78_5",-14.875,55.675,FALSE,"78.1"
78,"78_6",-14.875,55.7,FALSE,"78.1"
78,"78_7",-14.875,55.725,FALSE,"78.1"
78,"78_8",-14.875,55.75,FALSE,"78.1"
78,"78_9",-14.875,55.775,FALSE,"78.1"
78,"78_10",-14.85,55.775,FALSE,"78.1"
78,"78_11",-14.825,55.775,FALSE,"78.1"
78,"78_12",-14.8,55.775,FALSE,"78.1"
78,"78_13",-14.775,55.775,FALSE,"78.1"
78,"78_14",-14.775,55.75,FALSE,"78.1"
78,"78_15",-14.775,55.725,FALSE,"78.1"
78,"78_16",-14.775,55.7,FALSE,"78.1"
78,"78_17",-14.775,55.675,FALSE,"78.1"
79,"79_1",-14.975,55.675,FALSE,"79.1"
79,"79_2",-15,55.675,FALSE,"79.1"
79,"79_3",-15.025,55.675,FALSE,"79.1"
79,"79_4",-15.025,55.7,FALSE,"79.1"
79,"79_5",-15.025,55.725,FALSE,"79.1"
79,"79_6",-15.05,55.725,FALSE,"79.1"
79,"79_7",-15.075,55.725,FALSE,"79.1"
79,"79_8",-15.075,55.75,FALSE,"79.1"
79,"79_9",-15.075,55.775,FALSE,"79.1"
79,"79_10",-15.075,55.8,FALSE,"79.1"
79,"79_11",-15.075,55.825,FALSE,"79.1"
79,"79_12",-15.05,55.825,FALSE,"79.1"
79,"79_13",-15.025,55.825,FALSE,"79.1"
79,"79_14",-15,55.825,FALSE,"79.1"
79,"79_15",-14.975,55.825,FALSE,"79.1"
79,"79_16",-14.975,55.8,FALSE,"79.1"
79,"79_17",-14.975,55.775,FALSE,"79.1"
79,"79_18",-14.95,55.775,FALSE,"79.1"
79,"79_19",-14.925,55.775,FALSE,"79.1"
79,"79_20",-14.925,55.75,FALSE,"79.1"
79,"79_21",-14.925,55.725,FALSE,"79.1"
79,"79_22",-14.925,55.7,FALSE,"79.1"
79,"79_23",-14.925,55.675,FALSE,"79.1"
79,"79_24",-14.95,55.675,FALSE,"79.1"
79,"79_25",-14.975,55.675,FALSE,"79.1"
80,"80_1",-15.175,55.875,TRUE,"80.1"
80,"80_2",-15.175,55.85,TRUE,"80.1"
80,"80_3",-15.175,55.825,TRUE,"80.1"
80,"80_4",-15.175,55.8,TRUE,"80.1"
80,"80_5",-15.175,55.775,TRUE,"80.1"
80,"80_6",-15.175,55.775,TRUE,"80.1"
80,"80_7",-15.175,55.775,TRUE,"80.1"
80,"80_8",-15.175,55.775,TRUE,"80.1"
80,"80_9",-15.175,55.775,TRUE,"80.1"
80,"80_10",-15.175,55.775,TRUE,"80.1"
80,"80_11",-15.2,55.775,TRUE,"80.1"
80,"80_12",-15.225,55.775,TRUE,"80.1"
80,"80_13",-15.25,55.775,TRUE,"80.1"
80,"80_14",-15.275,55.775,TRUE,"80.1"
80,"80_15",-15.275,55.775,TRUE,"80.1"
80,"80_16",-15.275,55.775,TRUE,"80.1"
80,"80_17",-15.275,55.775,TRUE,"80.1"
80,"80_18",-15.275,55.775,TRUE,"80.1"
80,"80_19",-15.275,55.775,TRUE,"80.1"
80,"80_20",-15.275,55.7888,TRUE,"80.1"
80,"80_21",-15.2689,55.795,TRUE,"80.1"
80,"80_22",-15.2681,55.7958,TRUE,"80.1"
80,"80_23",-15.2673,55.7965,TRUE,"80.1"
80,"80_24",-15.2642,55.7997,TRUE,"80.1"
80,"80_25",-15.2626,55.8013,TRUE,"80.1"
80,"80_26",-15.2563,55.8076,TRUE,"80.1"
80,"80_27",-15.2547,55.8092,TRUE,"80.1"
80,"80_28",-15.2515,55.8124,TRUE,"80.1"
80,"80_29",-15.2499,55.8139,TRUE,"80.1"
80,"80_30",-15.2371,55.8265,TRUE,"80.1"
80,"80_31",-15.2355,55.8281,TRUE,"80.1"
80,"80_32",-15.2323,55.8313,TRUE,"80.1"
80,"80_33",-15.231,55.8325,TRUE,"80.1"
80,"80_34",-15.2303,55.8334,TRUE,"80.1"
80,"80_35",-15.2289,55.8349,TRUE,"80.1"
80,"80_36",-15.2183,55.8473,TRUE,"80.1"
80,"80_37",-15.217,55.8488,TRUE,"80.1"
80,"80_38",-15.2144,55.8519,TRUE,"80.1"
80,"80_39",-15.213,55.8535,TRUE,"80.1"
80,"80_40",-15.2077,55.8596,TRUE,"80.1"
80,"80_41",-15.2063,55.8612,TRUE,"80.1"
80,"80_42",-15.2036,55.8642,TRUE,"80.1"
80,"80_43",-15.2023,55.8658,TRUE,"80.1"
80,"80_44",-15.1919,55.8775,TRUE,"80.1"
80,"80_45",-15.1911,55.8785,TRUE,"80.1"
80,"80_46",-15.1897,55.88,TRUE,"80.1"
80,"80_47",-15.1888,55.881,TRUE,"80.1"
80,"80_48",-15.1865,55.8837,TRUE,"80.1"
80,"80_49",-15.1852,55.8851,TRUE,"80.1"
80,"80_50",-15.1826,55.888,TRUE,"80.1"
80,"80_51",-15.1813,55.8895,TRUE,"80.1"
80,"80_52",-15.1761,55.8952,TRUE,"80.1"
80,"80_53",-15.175,55.8965,TRUE,"80.1"
80,"80_54",-15.175,55.875,TRUE,"80.1"
80,"80_55",-15.1397,55.9349,TRUE,"80.2"
80,"80_56",-15.1384,55.9363,TRUE,"80.2"
80,"80_57",-15.1357,55.9392,TRUE,"80.2"
80,"80_58",-15.1344,55.9406,TRUE,"80.2"
80,"80_59",-15.129,55.9464,TRUE,"80.2"
80,"80_60",-15.1276,55.9478,TRUE,"80.2"
80,"80_61",-15.125,55.9506,TRUE,"80.2"
80,"80_62",-15.125,55.95,TRUE,"80.2"
80,"80_63",-15.125,55.925,TRUE,"80.2"
80,"80_64",-15.125,55.925,TRUE,"80.2"
80,"80_65",-15.125,55.925,TRUE,"80.2"
80,"80_66",-15.125,55.925,TRUE,"80.2"
80,"80_67",-15.125,55.925,TRUE,"80.2"
80,"80_68",-15.125,55.925,TRUE,"80.2"
80,"80_69",-15.1489,55.925,TRUE,"80.2"
80,"80_70",-15.1397,55.9349,TRUE,"80.2"
80,"80_71",-15,56.075,TRUE,"80.3"
80,"80_72",-14.975,56.075,TRUE,"80.3"
80,"80_73",-14.975,56.075,TRUE,"80.3"
80,"80_74",-14.975,56.075,TRUE,"80.3"
80,"80_75",-14.975,56.075,TRUE,"80.3"
80,"80_76",-14.975,56.075,TRUE,"80.3"
80,"80_77",-14.975,56.075,TRUE,"80.3"
80,"80_78",-14.975,56.05,TRUE,"80.3"
80,"80_79",-14.975,56.025,TRUE,"80.3"
80,"80_80",-14.95,56.025,TRUE,"80.3"
80,"80_81",-14.925,56.025,TRUE,"80.3"
80,"80_82",-14.9,56.025,TRUE,"80.3"
80,"80_83",-14.875,56.025,TRUE,"80.3"
80,"80_84",-14.875,56.05,TRUE,"80.3"
80,"80_85",-14.875,56.075,TRUE,"80.3"
80,"80_86",-14.875,56.1,TRUE,"80.3"
80,"80_87",-14.875,56.125,TRUE,"80.3"
80,"80_88",-14.875,56.125,TRUE,"80.3"
80,"80_89",-14.875,56.125,TRUE,"80.3"
80,"80_90",-14.875,56.125,TRUE,"80.3"
80,"80_91",-14.875,56.125,TRUE,"80.3"
80,"80_92",-14.875,56.125,TRUE,"80.3"
80,"80_93",-14.85,56.125,TRUE,"80.3"
80,"80_94",-14.825,56.125,TRUE,"80.3"
80,"80_95",-14.8,56.125,TRUE,"80.3"
80,"80_96",-14.775,56.125,TRUE,"80.3"
80,"80_97",-14.775,56.15,TRUE,"80.3"
80,"80_98",-14.775,56.175,TRUE,"80.3"
80,"80_99",-14.775,56.175,TRUE,"80.3"
80,"80_100",-14.775,56.175,TRUE,"80.3"
80,"80_101",-14.775,56.175,TRUE,"80.3"
80,"80_102",-14.775,56.175,TRUE,"80.3"
80,"80_103",-14.775,56.175,TRUE,"80.3"
80,"80_104",-14.75,56.175,TRUE,"80.3"
80,"80_105",-14.725,56.175,TRUE,"80.3"
80,"80_106",-14.7,56.175,TRUE,"80.3"
80,"80_107",-14.675,56.175,TRUE,"80.3"
80,"80_108",-14.675,56.175,TRUE,"80.3"
80,"80_109",-14.675,56.175,TRUE,"80.3"
80,"80_110",-14.675,56.175,TRUE,"80.3"
80,"80_111",-14.675,56.175,TRUE,"80.3"
80,"80_112",-14.675,56.175,TRUE,"80.3"
80,"80_113",-14.675,56.15,TRUE,"80.3"
80,"80_114",-14.675,56.125,TRUE,"80.3"
80,"80_115",-14.65,56.125,TRUE,"80.3"
80,"80_116",-14.625,56.125,TRUE,"80.3"
80,"80_117",-14.6,56.125,TRUE,"80.3"
80,"80_118",-14.575,56.125,TRUE,"80.3"
80,"80_119",-14.575,56.125,TRUE,"80.3"
80,"80_120",-14.575,56.125,TRUE,"80.3"
80,"80_121",-14.575,56.125,TRUE,"80.3"
80,"80_122",-14.575,56.125,TRUE,"80.3"
80,"80_123",-14.575,56.125,TRUE,"80.3"
80,"80_124",-14.575,56.1,TRUE,"80.3"
80,"80_125",-14.575,56.075,TRUE,"80.3"
80,"80_126",-14.575,56.05,TRUE,"80.3"
80,"80_127",-14.575,56.025,TRUE,"80.3"
80,"80_128",-14.575,56.025,TRUE,"80.3"
80,"80_129",-14.575,56.025,TRUE,"80.3"
80,"80_130",-14.575,56.025,TRUE,"80.3"
80,"80_131",-14.575,56.025,TRUE,"80.3"
80,"80_132",-14.575,56.025,TRUE,"80.3"
80,"80_133",-14.6,56.025,TRUE,"80.3"
80,"80_134",-14.625,56.025,TRUE,"80.3"
80,"80_135",-14.65,56.025,TRUE,"80.3"
80,"80_136",-14.675,56.025,TRUE,"80.3"
80,"80_137",-14.675,56.025,TRUE,"80.3"
80,"80_138",-14.675,56.025,TRUE,"80.3"
80,"80_139",-14.675,56.025,TRUE,"80.3"
80,"80_140",-14.675,56.025,TRUE,"80.3"
80,"80_141",-14.675,56.025,TRUE,"80.3"
80,"80_142",-14.675,56.05,TRUE,"80.3"
80,"80_143",-14.675,56.075,TRUE,"80.3"
80,"80_144",-14.7,56.075,TRUE,"80.3"
80,"80_145",-14.725,56.075,TRUE,"80.3"
80,"80_146",-14.725,56.05,TRUE,"80.3"
80,"80_147",-14.725,56.025,TRUE,"80.3"
80,"80_148",-14.725,56,TRUE,"80.3"
80,"80_149",-14.725,55.975,TRUE,"80.3"
80,"80_150",-14.725,55.95,TRUE,"80.3"
80,"80_151",-14.725,55.925,TRUE,"80.3"
80,"80_152",-14.725,55.9,TRUE,"80.3"
80,"80_153",-14.725,55.875,TRUE,"80.3"
80,"80_154",-14.725,55.875,TRUE,"80.3"
80,"80_155",-14.725,55.875,TRUE,"80.3"
80,"80_156",-14.725,55.875,TRUE,"80.3"
80,"80_157",-14.725,55.875,TRUE,"80.3"
80,"80_158",-14.725,55.875,TRUE,"80.3"
80,"80_159",-14.75,55.875,TRUE,"80.3"
80,"80_160",-14.775,55.875,TRUE,"80.3"
80,"80_161",-14.775,55.85,TRUE,"80.3"
80,"80_162",-14.775,55.825,TRUE,"80.3"
80,"80_163",-14.775,55.825,TRUE,"80.3"
80,"80_164",-14.775,55.825,TRUE,"80.3"
80,"80_165",-14.775,55.825,TRUE,"80.3"
80,"80_166",-14.775,55.825,TRUE,"80.3"
80,"80_167",-14.775,55.825,TRUE,"80.3"
80,"80_168",-14.8,55.825,TRUE,"80.3"
80,"80_169",-14.825,55.825,TRUE,"80.3"
80,"80_170",-14.85,55.825,TRUE,"80.3"
80,"80_171",-14.875,55.825,TRUE,"80.3"
80,"80_172",-14.875,55.825,TRUE,"80.3"
80,"80_173",-14.875,55.825,TRUE,"80.3"
80,"80_174",-14.875,55.825,TRUE,"80.3"
80,"80_175",-14.875,55.825,TRUE,"80.3"
80,"80_176",-14.875,55.825,TRUE,"80.3"
80,"80_177",-14.875,55.85,TRUE,"80.3"
80,"80_178",-14.875,55.875,TRUE,"80.3"
80,"80_179",-14.875,55.9,TRUE,"80.3"
80,"80_180",-14.875,55.925,TRUE,"80.3"
80,"80_181",-14.9,55.925,TRUE,"80.3"
80,"80_182",-14.925,55.925,TRUE,"80.3"
80,"80_183",-14.95,55.925,TRUE,"80.3"
80,"80_184",-14.975,55.925,TRUE,"80.3"
80,"80_185",-14.975,55.925,TRUE,"80.3"
80,"80_186",-14.975,55.925,TRUE,"80.3"
80,"80_187",-14.975,55.925,TRUE,"80.3"
80,"80_188",-14.975,55.925,TRUE,"80.3"
80,"80_189",-14.975,55.925,TRUE,"80.3"
80,"80_190",-14.975,55.95,TRUE,"80.3"
80,"80_191",-14.975,55.975,TRUE,"80.3"
80,"80_192",-15,55.975,TRUE,"80.3"
80,"80_193",-15.025,55.975,TRUE,"80.3"
80,"80_194",-15.05,55.975,TRUE,"80.3"
80,"80_195",-15.075,55.975,TRUE,"80.3"
80,"80_196",-15.075,55.975,TRUE,"80.3"
80,"80_197",-15.075,55.975,TRUE,"80.3"
80,"80_198",-15.075,55.975,TRUE,"80.3"
80,"80_199",-15.075,55.975,TRUE,"80.3"
80,"80_200",-15.075,55.975,TRUE,"80.3"
80,"80_201",-15.075,56,TRUE,"80.3"
80,"80_202",-15.075,56.0023,TRUE,"80.3"
80,"80_203",-15.0741,56.0032,TRUE,"80.3"
80,"80_204",-15.0727,56.0046,TRUE,"80.3"
80,"80_205",-15.0697,56.0076,TRUE,"80.3"
80,"80_206",-15.0685,56.0088,TRUE,"80.3"
80,"80_207",-15.0572,56.0201,TRUE,"80.3"
80,"80_208",-15.0558,56.0215,TRUE,"80.3"
80,"80_209",-15.053,56.0243,TRUE,"80.3"
80,"80_210",-15.0515,56.0257,TRUE,"80.3"
80,"80_211",-15.0458,56.0313,TRUE,"80.3"
80,"80_212",-15.0444,56.0327,TRUE,"80.3"
80,"80_213",-15.0416,56.0356,TRUE,"80.3"
80,"80_214",-15.0401,56.037,TRUE,"80.3"
80,"80_215",-15.0286,56.0482,TRUE,"80.3"
80,"80_216",-15.0279,56.0489,TRUE,"80.3"
80,"80_217",-15.0265,56.0503,TRUE,"80.3"
80,"80_218",-15.0258,56.051,TRUE,"80.3"
80,"80_219",-15.0229,56.0538,TRUE,"80.3"
80,"80_220",-15.0222,56.0545,TRUE,"80.3"
80,"80_221",-15.0207,56.0559,TRUE,"80.3"
80,"80_222",-15.02,56.0566,TRUE,"80.3"
80,"80_223",-15.0142,56.0622,TRUE,"80.3"
80,"80_224",-15.0135,56.0629,TRUE,"80.3"
80,"80_225",-15.012,56.0642,TRUE,"80.3"
80,"80_226",-15.0113,56.0649,TRUE,"80.3"
80,"80_227",-15.0084,56.0677,TRUE,"80.3"
80,"80_228",-15.0076,56.0684,TRUE,"80.3"
80,"80_229",-15.0062,56.0698,TRUE,"80.3"
80,"80_230",-15.0053,56.0707,TRUE,"80.3"
80,"80_231",-15.0042,56.0717,TRUE,"80.3"
80,"80_232",-15.0023,56.0735,TRUE,"80.3"
80,"80_233",-15.0014,56.0743,TRUE,"80.3"
80,"80_234",-15.0007,56.075,TRUE,"80.3"
80,"80_235",-15,56.075,TRUE,"80.3"
80,"80_236",-14.175,56.575,TRUE,"80.4"
80,"80_237",-14.175,56.575,TRUE,"80.4"
80,"80_238",-14.175,56.575,TRUE,"80.4"
80,"80_239",-14.175,56.575,TRUE,"80.4"
80,"80_240",-14.175,56.575,TRUE,"80.4"
80,"80_241",-14.175,56.575,TRUE,"80.4"
80,"80_242",-14.2,56.575,TRUE,"80.4"
80,"80_243",-14.225,56.575,TRUE,"80.4"
80,"80_244",-14.225,56.55,TRUE,"80.4"
80,"80_245",-14.225,56.525,TRUE,"80.4"
80,"80_246",-14.225,56.525,TRUE,"80.4"
80,"80_247",-14.225,56.525,TRUE,"80.4"
80,"80_248",-14.225,56.525,TRUE,"80.4"
80,"80_249",-14.225,56.525,TRUE,"80.4"
80,"80_250",-14.225,56.525,TRUE,"80.4"
80,"80_251",-14.25,56.525,TRUE,"80.4"
80,"80_252",-14.275,56.525,TRUE,"80.4"
80,"80_253",-14.3,56.525,TRUE,"80.4"
80,"80_254",-14.325,56.525,TRUE,"80.4"
80,"80_255",-14.325,56.5,TRUE,"80.4"
80,"80_256",-14.325,56.475,TRUE,"80.4"
80,"80_257",-14.325,56.45,TRUE,"80.4"
80,"80_258",-14.325,56.425,TRUE,"80.4"
80,"80_259",-14.325,56.425,TRUE,"80.4"
80,"80_260",-14.325,56.425,TRUE,"80.4"
80,"80_261",-14.325,56.425,TRUE,"80.4"
80,"80_262",-14.325,56.425,TRUE,"80.4"
80,"80_263",-14.325,56.425,TRUE,"80.4"
80,"80_264",-14.35,56.425,TRUE,"80.4"
80,"80_265",-14.375,56.425,TRUE,"80.4"
80,"80_266",-14.4,56.425,TRUE,"80.4"
80,"80_267",-14.425,56.425,TRUE,"80.4"
80,"80_268",-14.425,56.4,TRUE,"80.4"
80,"80_269",-14.425,56.375,TRUE,"80.4"
80,"80_270",-14.425,56.35,TRUE,"80.4"
80,"80_271",-14.425,56.325,TRUE,"80.4"
80,"80_272",-14.425,56.325,TRUE,"80.4"
80,"80_273",-14.425,56.325,TRUE,"80.4"
80,"80_274",-14.425,56.325,TRUE,"80.4"
80,"80_275",-14.425,56.325,TRUE,"80.4"
80,"80_276",-14.425,56.325,TRUE,"80.4"
80,"80_277",-14.45,56.325,TRUE,"80.4"
80,"80_278",-14.475,56.325,TRUE,"80.4"
80,"80_279",-14.475,56.3,TRUE,"80.4"
80,"80_280",-14.475,56.275,TRUE,"80.4"
80,"80_281",-14.475,56.25,TRUE,"80.4"
80,"80_282",-14.475,56.225,TRUE,"80.4"
80,"80_283",-14.475,56.225,TRUE,"80.4"
80,"80_284",-14.475,56.225,TRUE,"80.4"
80,"80_285",-14.475,56.225,TRUE,"80.4"
80,"80_286",-14.475,56.225,TRUE,"80.4"
80,"80_287",-14.475,56.225,TRUE,"80.4"
80,"80_288",-14.5,56.225,TRUE,"80.4"
80,"80_289",-14.525,56.225,TRUE,"80.4"
80,"80_290",-14.55,56.225,TRUE,"80.4"
80,"80_291",-14.575,56.225,TRUE,"80.4"
80,"80_292",-14.575,56.225,TRUE,"80.4"
80,"80_293",-14.575,56.225,TRUE,"80.4"
80,"80_294",-14.575,56.225,TRUE,"80.4"
80,"80_295",-14.575,56.225,TRUE,"80.4"
80,"80_296",-14.575,56.225,TRUE,"80.4"
80,"80_297",-14.575,56.25,TRUE,"80.4"
80,"80_298",-14.575,56.275,TRUE,"80.4"
80,"80_299",-14.575,56.3,TRUE,"80.4"
80,"80_300",-14.575,56.325,TRUE,"80.4"
80,"80_301",-14.6,56.325,TRUE,"80.4"
80,"80_302",-14.625,56.325,TRUE,"80.4"
80,"80_303",-14.65,56.325,TRUE,"80.4"
80,"80_304",-14.675,56.325,TRUE,"80.4"
80,"80_305",-14.675,56.325,TRUE,"80.4"
80,"80_306",-14.675,56.325,TRUE,"80.4"
80,"80_307",-14.675,56.325,TRUE,"80.4"
80,"80_308",-14.675,56.325,TRUE,"80.4"
80,"80_309",-14.675,56.325,TRUE,"80.4"
80,"80_310",-14.675,56.3495,TRUE,"80.4"
80,"80_311",-14.673,56.351,TRUE,"80.4"
80,"80_312",-14.6648,56.3572,TRUE,"80.4"
80,"80_313",-14.6627,56.3587,TRUE,"80.4"
80,"80_314",-14.6586,56.3618,TRUE,"80.4"
80,"80_315",-14.6566,56.3633,TRUE,"80.4"
80,"80_316",-14.6406,56.3751,TRUE,"80.4"
80,"80_317",-14.6396,56.3758,TRUE,"80.4"
80,"80_318",-14.6384,56.3767,TRUE,"80.4"
80,"80_319",-14.6364,56.3782,TRUE,"80.4"
80,"80_320",-14.6325,56.3811,TRUE,"80.4"
80,"80_321",-14.6305,56.3825,TRUE,"80.4"
80,"80_322",-14.6226,56.3883,TRUE,"80.4"
80,"80_323",-14.6206,56.3898,TRUE,"80.4"
80,"80_324",-14.6166,56.3926,TRUE,"80.4"
80,"80_325",-14.6146,56.3941,TRUE,"80.4"
80,"80_326",-14.5997,56.4049,TRUE,"80.4"
80,"80_327",-14.5992,56.4052,TRUE,"80.4"
80,"80_328",-14.5984,56.4058,TRUE,"80.4"
80,"80_329",-14.598,56.4061,TRUE,"80.4"
80,"80_330",-14.5963,56.4073,TRUE,"80.4"
80,"80_331",-14.5944,56.4086,TRUE,"80.4"
80,"80_332",-14.5907,56.4113,TRUE,"80.4"
80,"80_333",-14.5888,56.4126,TRUE,"80.4"
80,"80_334",-14.5829,56.4168,TRUE,"80.4"
80,"80_335",-14.5815,56.4178,TRUE,"80.4"
80,"80_336",-14.5785,56.4199,TRUE,"80.4"
80,"80_337",-14.5771,56.421,TRUE,"80.4"
80,"80_338",-14.5609,56.4324,TRUE,"80.4"
80,"80_339",-14.5591,56.4336,TRUE,"80.4"
80,"80_340",-14.5556,56.436,TRUE,"80.4"
80,"80_341",-14.5536,56.4375,TRUE,"80.4"
80,"80_342",-14.5529,56.438,TRUE,"80.4"
80,"80_343",-14.5446,56.4437,TRUE,"80.4"
80,"80_344",-14.5425,56.4451,TRUE,"80.4"
80,"80_345",-14.5384,56.448,TRUE,"80.4"
80,"80_346",-14.5364,56.4494,TRUE,"80.4"
80,"80_347",-14.525,56.4572,TRUE,"80.4"
80,"80_348",-14.525,56.45,TRUE,"80.4"
80,"80_349",-14.525,56.425,TRUE,"80.4"
80,"80_350",-14.5,56.425,TRUE,"80.4"
80,"80_351",-14.475,56.425,TRUE,"80.4"
80,"80_352",-14.45,56.425,TRUE,"80.4"
80,"80_353",-14.425,56.425,TRUE,"80.4"
80,"80_354",-14.425,56.45,TRUE,"80.4"
80,"80_355",-14.425,56.475,TRUE,"80.4"
80,"80_356",-14.425,56.5,TRUE,"80.4"
80,"80_357",-14.425,56.5239,TRUE,"80.4"
80,"80_358",-14.4192,56.5276,TRUE,"80.4"
80,"80_359",-14.4171,56.529,TRUE,"80.4"
80,"80_360",-14.4128,56.5318,TRUE,"80.4"
80,"80_361",-14.4107,56.5331,TRUE,"80.4"
80,"80_362",-14.3935,56.5441,TRUE,"80.4"
80,"80_363",-14.3913,56.5455,TRUE,"80.4"
80,"80_364",-14.387,56.5482,TRUE,"80.4"
80,"80_365",-14.3849,56.5496,TRUE,"80.4"
80,"80_366",-14.3762,56.5551,TRUE,"80.4"
80,"80_367",-14.3741,56.5564,TRUE,"80.4"
80,"80_368",-14.3697,56.5592,TRUE,"80.4"
80,"80_369",-14.3676,56.5605,TRUE,"80.4"
80,"80_370",-14.3501,56.5714,TRUE,"80.4"
80,"80_371",-14.348,56.5728,TRUE,"80.4"
80,"80_372",-14.3436,56.5755,TRUE,"80.4"
80,"80_373",-14.3414,56.5768,TRUE,"80.4"
80,"80_374",-14.3341,56.5813,TRUE,"80.4"
80,"80_375",-14.331,56.5772,TRUE,"80.4"
80,"80_376",-14.175,56.5772,TRUE,"80.4"
80,"80_377",-14.175,56.575,TRUE,"80.4"
80,"80_378",-14.4972,56.4762,TRUE,"80.5"
80,"80_379",-14.4951,56.4776,TRUE,"80.5"
80,"80_380",-14.4784,56.4888,TRUE,"80.5"
80,"80_381",-14.4763,56.4902,TRUE,"80.5"
80,"80_382",-14.475,56.4911,TRUE,"80.5"
80,"80_383",-14.475,56.475,TRUE,"80.5"
80,"80_384",-14.475,56.475,TRUE,"80.5"
80,"80_385",-14.475,56.475,TRUE,"80.5"
80,"80_386",-14.475,56.475,TRUE,"80.5"
80,"80_387",-14.475,56.475,TRUE,"80.5"
80,"80_388",-14.475,56.475,TRUE,"80.5"
80,"80_389",-14.4989,56.475,TRUE,"80.5"
80,"80_390",-14.4972,56.4762,TRUE,"80.5"
80,"80_391",-14.1667,56.6667,TRUE,"80.6"
80,"80_392",-14.025,56.6667,TRUE,"80.6"
80,"80_393",-14.025,56.65,TRUE,"80.6"
80,"80_394",-14.025,56.625,TRUE,"80.6"
80,"80_395",-14.025,56.6,TRUE,"80.6"
80,"80_396",-14.025,56.575,TRUE,"80.6"
80,"80_397",-14.025,56.575,TRUE,"80.6"
80,"80_398",-14.025,56.575,TRUE,"80.6"
80,"80_399",-14.025,56.575,TRUE,"80.6"
80,"80_400",-14.025,56.575,TRUE,"80.6"
80,"80_401",-14.025,56.575,TRUE,"80.6"
80,"80_402",-14.05,56.575,TRUE,"80.6"
80,"80_403",-14.075,56.575,TRUE,"80.6"
80,"80_404",-14.1,56.575,TRUE,"80.6"
80,"80_405",-14.125,56.575,TRUE,"80.6"
80,"80_406",-14.125,56.575,TRUE,"80.6"
80,"80_407",-14.125,56.575,TRUE,"80.6"
80,"80_408",-14.125,56.575,TRUE,"80.6"
80,"80_409",-14.125,56.575,TRUE,"80.6"
80,"80_410",-14.125,56.575,TRUE,"80.6"
80,"80_411",-14.125,56.6,TRUE,"80.6"
80,"80_412",-14.125,56.625,TRUE,"80.6"
80,"80_413",-14.15,56.625,TRUE,"80.6"
80,"80_414",-14.1667,56.625,TRUE,"80.6"
80,"80_415",-14.1667,56.6667,TRUE,"80.6"
80,"80_416",-14,56.7,TRUE,"80.7"
80,"80_417",-13.875,56.7,TRUE,"80.7"
80,"80_418",-13.875,56.7,TRUE,"80.7"
80,"80_419",-13.875,56.675,TRUE,"80.7"
80,"80_420",-13.875,56.675,TRUE,"80.7"
80,"80_421",-13.875,56.675,TRUE,"80.7"
80,"80_422",-13.875,56.675,TRUE,"80.7"
80,"80_423",-13.875,56.675,TRUE,"80.7"
80,"80_424",-13.875,56.675,TRUE,"80.7"
80,"80_425",-13.9,56.675,TRUE,"80.7"
80,"80_426",-13.925,56.675,TRUE,"80.7"
80,"80_427",-13.95,56.675,TRUE,"80.7"
80,"80_428",-13.975,56.675,TRUE,"80.7"
80,"80_429",-14,56.675,TRUE,"80.7"
80,"80_430",-14,56.675,TRUE,"80.7"
80,"80_431",-14,56.7,TRUE,"80.7"
81,"81_1",-14.325,56.175,FALSE,"81.1"
81,"81_2",-14.325,56.2,FALSE,"81.1"
81,"81_3",-14.325,56.225,FALSE,"81.1"
81,"81_4",-14.325,56.25,FALSE,"81.1"
81,"81_5",-14.325,56.275,FALSE,"81.1"
81,"81_6",-14.3,56.275,FALSE,"81.1"
81,"81_7",-14.275,56.275,FALSE,"81.1"
81,"81_8",-14.25,56.275,FALSE,"81.1"
81,"81_9",-14.225,56.275,FALSE,"81.1"
81,"81_10",-14.225,56.25,FALSE,"81.1"
81,"81_11",-14.225,56.225,FALSE,"81.1"
81,"81_12",-14.2,56.225,FALSE,"81.1"
81,"81_13",-14.175,56.225,FALSE,"81.1"
81,"81_14",-14.175,56.2,FALSE,"81.1"
81,"81_15",-14.175,56.175,FALSE,"81.1"
81,"81_16",-14.175,56.15,FALSE,"81.1"
81,"81_17",-14.175,56.125,FALSE,"81.1"
81,"81_18",-14.2,56.125,FALSE,"81.1"
81,"81_19",-14.225,56.125,FALSE,"81.1"
81,"81_20",-14.25,56.125,FALSE,"81.1"
81,"81_21",-14.275,56.125,FALSE,"81.1"
81,"81_22",-14.275,56.15,FALSE,"81.1"
81,"81_23",-14.275,56.175,FALSE,"81.1"
81,"81_24",-14.3,56.175,FALSE,"81.1"
81,"81_25",-14.325,56.175,FALSE,"81.1"
82,"82_1",-13.625,56.675,FALSE,"82.1"
82,"82_2",-13.65,56.675,FALSE,"82.1"
82,"82_3",-13.675,56.675,FALSE,"82.1"
82,"82_4",-13.7,56.675,FALSE,"82.1"
82,"82_5",-13.725,56.675,FALSE,"82.1"
82,"82_6",-13.75,56.675,FALSE,"82.1"
82,"82_7",-13.775,56.675,FALSE,"82.1"
82,"82_8",-13.775,56.7,FALSE,"82.1"
82,"82_9",-13.625,56.7,FALSE,"82.1"
82,"82_10",-13.625,56.675,FALSE,"82.1"
